date,district,population,pop_yoy_growth,pop_share_city
2021-01-01,Bektemir,48000,,0.01680672268907563
2021-02-01,Bektemir,48081,,0.01680357732612696
2021-03-01,Bektemir,48154,,0.016800647826616364
2021-04-01,Bektemir,48235,,0.016797407972073852
2021-05-01,Bektemir,48314,,0.01679444240706205
2021-06-01,Bektemir,48395,,0.01679110950738677
2021-07-01,Bektemir,48474,,0.016788049917382735
2021-08-01,Bektemir,48555,,0.016784619336033577
2021-09-01,Bektemir,48637,,0.016781471340005853
2021-10-01,Bektemir,48716,,0.01677826113760578
2021-11-01,Bektemir,48798,,0.01677503854463701
2021-12-01,Bektemir,48878,,0.016772062529960528
2022-01-01,Bektemir,48960,2.0000000000000018,0.01676873124820188
2022-02-01,Bektemir,49042,1.9987105093488111,0.01676534937782032
2022-03-01,Bektemir,49117,1.9998338663454795,0.016762560146012455
2022-04-01,Bektemir,49200,2.0006219550119164,0.0167594168676718
2022-05-01,Bektemir,49280,1.9994204578382968,0.016756222464694794
2022-06-01,Bektemir,49363,2.0002066329166235,0.01675297749447569
2022-07-01,Bektemir,49443,1.9990097784379213,0.016749687317488948
2022-08-01,Bektemir,49526,1.9997940479868248,0.016746336252879617
2022-09-01,Bektemir,49610,2.0005345724448453,0.016743278726147323
2022-10-01,Bektemir,49691,2.0013958453074965,0.016740186351683048
2022-11-01,Bektemir,49774,2.0000819705725537,0.016736691499002167
2022-12-01,Bektemir,49855,1.9988542902737327,0.016733487617286293
2023-01-01,Bektemir,49939,1.9995915032679834,0.0167302410690416
2023-02-01,Bektemir,50023,2.0003262509685538,0.01672693396500863
2023-03-01,Bektemir,50099,1.9993077753120092,0.016723955424594986
2023-04-01,Bektemir,50184,2.0000000000000018,0.016720882477691996
2023-05-01,Bektemir,50265,1.9987824675324672,0.016717447041462528
2023-06-01,Bektemir,50350,1.9994732897109069,0.01671427551831682
2023-07-01,Bektemir,50432,2.000283154339333,0.016711085309308496
2023-08-01,Bektemir,50517,2.0009691879013136,0.016707821325499726
2023-09-01,Bektemir,50602,1.999596855472685,0.01670450891675211
2023-10-01,Bektemir,50684,1.998349801774979,0.016701150436558267
2023-11-01,Bektemir,50770,2.0010447221440852,0.01669806530038757
2023-12-01,Bektemir,50852,1.9997994183130974,0.016694632222032175
2024-01-01,Bektemir,50938,2.0004405374556944,0.01669145579523295
2024-02-01,Bektemir,51023,1.9990804230054282,0.016687975127155745
2024-03-01,Bektemir,51104,2.006028064432419,0.01668515711878053
2024-04-01,Bektemir,51189,2.0026303204208507,0.016681581206246247
2024-05-01,Bektemir,51273,2.005371530886313,0.01667864279508199
2024-06-01,Bektemir,51359,2.0039721946375266,0.016675286944872754
2024-07-01,Bektemir,51442,2.0026967005076113,0.016671933159296007
2024-08-01,Bektemir,51528,2.001306490884258,0.01666848896045795
2024-09-01,Bektemir,51615,2.0018971582150824,0.01666532134381609
2024-10-01,Bektemir,51699,2.0026043721884657,0.016662133103690104
2024-11-01,Bektemir,51786,2.001181800275753,0.016658865764978936
2024-12-01,Bektemir,51870,2.0018878313537325,0.016655588629116935
2025-01-01,Bektemir,51957,2.0004711610192683,0.016652222796273482
2025-02-01,Bektemir,52044,2.0010583462360065,0.016648720443914695
2025-03-01,Bektemir,52123,1.993973074514721,0.016645637270540865
2025-04-01,Bektemir,52211,1.9965226904217648,0.016642361824982826
2025-05-01,Bektemir,52296,1.9952021531800312,0.016639081223381
2025-06-01,Bektemir,52384,1.995755369068708,0.016635703374840022
2025-07-01,Bektemir,52469,1.9964231561758972,0.016632341534065568
2025-08-01,Bektemir,52558,1.9989132122341324,0.016629168405529218
2025-09-01,Bektemir,52646,1.9974813523200519,0.016625654655284358
2025-10-01,Bektemir,52732,1.9981044120775948,0.016622440610048486
2025-11-01,Bektemir,52821,1.9986096628432426,0.016619125917228125
2025-12-01,Bektemir,52907,1.9992288413340997,0.016615841689880752
2026-01-01,Bektemir,52996,1.9997305464133808,0.01661242665686982
2026-02-01,Bektemir,53085,2.000230574129591,0.01660896730925969
2026-03-01,Bektemir,53166,2.0010360109740333,0.016605988975567337
2026-04-01,Bektemir,53255,1.9995786328551368,0.016602440220459706
2026-05-01,Bektemir,53342,2.0001529753709724,0.0165992173703332
2026-06-01,Bektemir,53432,2.000610873549169,0.0165958658801086
2026-07-01,Bektemir,53519,2.001181650117223,0.016592558879572106
2021-01-01,Chilonzor,275000,,0.09628851540616247
2021-02-01,Chilonzor,275463,,0.09627012377003202
2021-03-01,Chilonzor,275882,,0.09625360974586901
2021-04-01,Chilonzor,276346,,0.09623502650462777
2021-05-01,Chilonzor,276796,,0.09621713127675513
2021-06-01,Chilonzor,277262,,0.0961987106981521
2021-07-01,Chilonzor,277714,,0.09618097319709594
2021-08-01,Chilonzor,278181,,0.09616233532112359
2021-09-01,Chilonzor,278650,,0.09614402592455601
2021-10-01,Chilonzor,279103,,0.09612577014305744
2021-11-01,Chilonzor,279573,,0.09610737839747127
2021-12-01,Chilonzor,280029,,0.09608952694877688
2022-01-01,Chilonzor,280500,2.0000000000000018,0.09607085610948995
2022-02-01,Chilonzor,280972,1.999905613458064,0.09605223574456448
2022-03-01,Chilonzor,281399,1.9997680167607834,0.09603533730740393
2022-04-01,Chilonzor,281873,2.0000289492158485,0.09601681119392791
2022-05-01,Chilonzor,282332,2.0000289021517625,0.09599873784298318
2022-06-01,Chilonzor,282807,1.999913439274037,0.09597997095557778
2022-07-01,Chilonzor,283268,1.9998991768509944,0.0959620255051364
2022-08-01,Chilonzor,283745,2.0001366017089683,0.09594332633512352
2022-09-01,Chilonzor,284223,2.0000000000000018,0.09592471093291213
2022-10-01,Chilonzor,284685,1.9999785025599959,0.0959062999643575
2022-11-01,Chilonzor,285165,2.000193151699192,0.09588778541634092
2022-12-01,Chilonzor,285629,1.9997928785947083,0.0958694079758874
2023-01-01,Chilonzor,286110,2.0000000000000018,0.09585072332772968
2023-02-01,Chilonzor,286592,2.000199308116102,0.09583202644582998
2023-03-01,Chilonzor,287027,2.0000071073458026,0.09581482172608685
2023-04-01,Chilonzor,287510,1.9998368059374272,0.09579588954968168
2023-05-01,Chilonzor,287979,2.0001275094569504,0.09577785102065726
2023-06-01,Chilonzor,288464,2.000304094311667,0.09575902230617167
2023-07-01,Chilonzor,288933,1.9998729118714476,0.09574048246499112
2023-08-01,Chilonzor,289420,2.0000352429117685,0.0957217896554849
2023-09-01,Chilonzor,289907,1.9998381552513322,0.09570281938517952
2023-10-01,Chilonzor,290379,2.0001053796301127,0.0956843059469922
2023-11-01,Chilonzor,290868,1.9998947977486692,0.09566540984426103
2023-12-01,Chilonzor,291342,2.0001470438925972,0.09564712382662034
2024-01-01,Chilonzor,291832,1.9999300968159162,0.09562803658632892
2024-02-01,Chilonzor,292322,1.999357972309057,0.09560908345492075
2024-03-01,Chilonzor,292781,2.004689454302211,0.0955912841733266
2024-04-01,Chilonzor,293273,2.00445201906021,0.09557243480238832
2024-05-01,Chilonzor,293749,2.0036183193913537,0.09555389078876875
2024-06-01,Chilonzor,294242,2.003022907537866,0.09553476082542979
2024-07-01,Chilonzor,294720,2.002886482333266,0.09551635124426965
2024-08-01,Chilonzor,295215,2.002280422914793,0.0954973600462194
2024-09-01,Chilonzor,295710,2.0016763996729914,0.0954781008346383
2024-10-01,Chilonzor,296191,2.0015221486402224,0.09545975485241641
2024-11-01,Chilonzor,296688,2.0009076282024862,0.09544057401768954
2024-12-01,Chilonzor,297170,2.0003981574918894,0.09542204112039097
2025-01-01,Chilonzor,297669,2.000123358644701,0.0954029391139583
2025-02-01,Chilonzor,298170,2.000533658089365,0.09538369408120138
2025-03-01,Chilonzor,298623,1.9953480587879602,0.09536615579764643
2025-04-01,Chilonzor,299126,1.9957513988672737,0.09534701735764137
2025-05-01,Chilonzor,299613,1.9962621149348658,0.09532822859455507
2025-06-01,Chilonzor,300117,1.996655813921877,0.09530882310909558
2025-07-01,Chilonzor,300606,1.9971498371335494,0.09529020296154518
2025-08-01,Chilonzor,301112,1.9975272259200816,0.095270789545373
2025-09-01,Chilonzor,301619,1.9982415204085058,0.09525155437207411
2025-10-01,Chilonzor,302111,1.9987102916698918,0.09523291654294089
2025-11-01,Chilonzor,302619,1.9990697298171822,0.09521332928088559
2025-12-01,Chilonzor,303112,1.9995288891879959,0.0951946057478809
2026-01-01,Chilonzor,303622,1.9998723414262232,0.09517507371145234
2026-02-01,Chilonzor,304133,1.9998658483415532,0.09515560054002219
2026-03-01,Chilonzor,304596,2.0001808300097457,0.09513820520637079
2026-04-01,Chilonzor,305108,1.9998261602134138,0.09511853029356905
2026-05-01,Chilonzor,305605,1.999913221388927,0.09509961802070935
2026-06-01,Chilonzor,306120,2.0002199142334476,0.09508022277322287
2026-07-01,Chilonzor,306618,1.9999600806371198,0.09506114124958688
2021-01-01,Mirobod,175000,,0.061274509803921566
2021-02-01,Mirobod,175295,,0.061262933120846595
2021-03-01,Mirobod,175561,,0.06125220195806362
2021-04-01,Mirobod,175857,,0.06124062970343094
2021-05-01,Mirobod,176143,,0.06122911514068657
2021-06-01,Mirobod,176440,,0.061217550604056654
2021-07-01,Mirobod,176727,,0.061206042368059134
2021-08-01,Mirobod,177024,,0.06119411910909294
2021-09-01,Mirobod,177322,,0.06118231101738425
2021-10-01,Mirobod,177611,,0.0611709446364911
2021-11-01,Mirobod,177910,,0.061159209547038206
2021-12-01,Mirobod,178200,,0.06114778720158284
2022-01-01,Mirobod,178500,2.0000000000000018,0.06113599934240269
2022-02-01,Mirobod,178800,1.9994865797655414,0.06112402570764392
2022-03-01,Mirobod,179072,1.9998746874305695,0.06111336544305927
2022-04-01,Mirobod,179374,1.9999203898622087,0.06110170002483255
2022-05-01,Mirobod,179666,2.0000794808763267,0.0610901677220344
2022-06-01,Mirobod,179968,1.9995465880752628,0.061078132482341035
2022-07-01,Mirobod,180261,1.9996944439728992,0.061066589517987886
2022-08-01,Mirobod,180565,2.00029374548083,0.06105484403144224
2022-09-01,Mirobod,180869,2.000315809657005,0.061042936503115104
2022-10-01,Mirobod,181163,1.9998761337980175,0.06103122054355831
2022-11-01,Mirobod,181468,1.999887583609694,0.0610192858307736
2022-12-01,Mirobod,181764,2.0000000000000018,0.06100783558857538
2023-01-01,Mirobod,182070,2.0000000000000018,0.06099591484491888
2023-02-01,Mirobod,182376,2.0000000000000018,0.0609837736401738
2023-03-01,Mirobod,182654,2.0003127233738427,0.06097322010666825
2023-04-01,Mirobod,182961,1.9997324026893581,0.06096105091266151
2023-05-01,Mirobod,183259,1.999821891732445,0.06094942061815142
2023-06-01,Mirobod,183568,2.0003556187766725,0.06093755964938197
2023-07-01,Mirobod,183867,2.0004327059097715,0.06092594230977604
2023-08-01,Mirobod,184176,1.9998338548445238,0.06091374587654132
2023-09-01,Mirobod,184486,1.9997899031896083,0.06090170412268152
2023-10-01,Mirobod,184787,2.000408471928594,0.060890132699082396
2023-11-01,Mirobod,185098,2.0003526792602644,0.06087804788203937
2023-12-01,Mirobod,185399,1.9998459540943259,0.060866202299467924
2024-01-01,Mirobod,185711,1.9997803042785645,0.060854115732626064
2024-02-01,Mirobod,186023,1.9997148747642246,0.06084211428334071
2024-03-01,Mirobod,186315,2.0043360670995325,0.060830757838634834
2024-04-01,Mirobod,186628,2.0042522723421996,0.060818733270025294
2024-05-01,Mirobod,186931,2.0037215089027116,0.060806962267225866
2024-06-01,Mirobod,187245,2.0030724309247905,0.06079487731444729
2024-07-01,Mirobod,187549,2.002534440655479,0.060783103147093946
2024-08-01,Mirobod,187864,2.00243245591174,0.06077101789449372
2024-09-01,Mirobod,188179,2.0017779126871416,0.060758762087725814
2024-10-01,Mirobod,188485,2.001223029758581,0.06074705812586374
2024-11-01,Mirobod,188801,2.0005618645258183,0.0607347645173172
2024-12-01,Mirobod,189108,2.0005501647797352,0.06072305869433286
2025-01-01,Mirobod,189426,2.000420007430903,0.060711048663450555
2025-02-01,Mirobod,189744,2.0002902866849803,0.060698539926027015
2025-03-01,Mirobod,190033,1.9955451788637557,0.06068761175359615
2025-04-01,Mirobod,190353,1.9959491608976254,0.06067540365959197
2025-05-01,Mirobod,190663,1.9964585863232909,0.060663476045844655
2025-06-01,Mirobod,190984,1.9968490480386736,0.06065121360225349
2025-07-01,Mirobod,191295,1.997344693919989,0.060639306519260375
2025-08-01,Mirobod,191617,1.9977217561640392,0.06062695236428883
2025-09-01,Mirobod,191939,1.99809755605036,0.06061451067280752
2025-10-01,Mirobod,192252,1.9985675252672586,0.06060262178872491
2025-11-01,Mirobod,192576,1.9994597486242105,0.06059038625993683
2025-12-01,Mirobod,192889,1.9993865939040179,0.06057824272250191
2026-01-01,Mirobod,193214,1.99972548646965,0.060565955998196946
2026-02-01,Mirobod,193539,2.000063243106509,0.06055350709365755
2026-03-01,Mirobod,193834,2.0001789162934935,0.060542551011739075
2026-04-01,Mirobod,194160,1.9999684796141892,0.06053008718814114
2026-05-01,Mirobod,194476,1.9998636337412057,0.06051796702997487
2026-06-01,Mirobod,194804,2.0001675533029006,0.060505709254916065
2026-07-01,Mirobod,195121,2.0000522752816385,0.060493594445729354
2021-01-01,Mirzo Ulug'bek,350000,,0.12254901960784313
2021-02-01,Mirzo Ulug'bek,350589,,0.12252551675692111
2021-03-01,Mirzo Ulug'bek,351122,,0.12250440391612724
2021-04-01,Mirzo Ulug'bek,351713,,0.1224809111657927
2021-05-01,Mirzo Ulug'bek,352286,,0.12245823028137313
2021-06-01,Mirzo Ulug'bek,352879,,0.12243475424852021
2021-07-01,Mirzo Ulug'bek,353454,,0.12241208473611827
2021-08-01,Mirzo Ulug'bek,354049,,0.12238858390080015
2021-09-01,Mirzo Ulug'bek,354645,,0.12236496706985166
2021-10-01,Mirzo Ulug'bek,355223,,0.12234223368264509
2021-11-01,Mirzo Ulug'bek,355820,,0.12231841909407641
2021-12-01,Mirzo Ulug'bek,356400,,0.12229557440316569
2022-01-01,Mirzo Ulug'bek,357000,2.0000000000000018,0.12227199868480539
2022-02-01,Mirzo Ulug'bek,357601,2.0000627515409874,0.12224839327225488
2022-03-01,Mirzo Ulug'bek,358145,2.0001594887247176,0.12222707216429404
2022-04-01,Mirzo Ulug'bek,358747,1.9999260760904525,0.12220305941111088
2022-05-01,Mirzo Ulug'bek,359332,2.0000794808763267,0.1221803354440688
2022-06-01,Mirzo Ulug'bek,359937,2.000119020967528,0.12215660434797512
2022-07-01,Mirzo Ulug'bek,360523,1.999977366220218,0.12213351780359337
2022-08-01,Mirzo Ulug'bek,361130,2.00000564893561,0.12210968806288448
2022-09-01,Mirzo Ulug'bek,361738,2.000028197211301,0.12208587300623021
2022-10-01,Mirzo Ulug'bek,362327,1.999870503880663,0.12206277797279716
2022-11-01,Mirzo Ulug'bek,362937,2.0001686245854744,0.1220389079152439
2022-12-01,Mirzo Ulug'bek,363528,2.0000000000000018,0.12201567117715076
2023-01-01,Mirzo Ulug'bek,364140,2.0000000000000018,0.12199182968983777
2023-02-01,Mirzo Ulug'bek,364753,1.9999944071744657,0.12196788166520986
2023-03-01,Mirzo Ulug'bek,365307,1.9997487051333973,0.12194610639518795
2023-04-01,Mirzo Ulug'bek,365922,2.0000167248785283,0.12192210182532302
2023-05-01,Mirzo Ulug'bek,366518,1.999821891732445,0.12189884123630285
2023-06-01,Mirzo Ulug'bek,367135,1.9997944084659158,0.12187478733698602
2023-07-01,Mirzo Ulug'bek,367733,1.9998724075856567,0.12185155326078564
2023-08-01,Mirzo Ulug'bek,368352,1.9998338548445238,0.12182749175308263
2023-09-01,Mirzo Ulug'bek,368972,1.9997899031896083,0.12180340824536304
2023-10-01,Mirzo Ulug'bek,369574,2.0001269571409352,0.12178026539816479
2023-11-01,Mirzo Ulug'bek,370196,2.0000716377773564,0.12175609576407874
2023-12-01,Mirzo Ulug'bek,370799,2.000121036068747,0.12173273289737489
2024-01-01,Mirzo Ulug'bek,371423,2.000054923930361,0.12170855914705737
2024-02-01,Mirzo Ulug'bek,372046,1.9994352342544097,0.12168422856668142
2024-03-01,Mirzo Ulug'bek,372631,2.0048890385347073,0.12166184217142119
2024-04-01,Mirzo Ulug'bek,373256,2.0042522723421996,0.12163746654005059
2024-05-01,Mirzo Ulug'bek,373862,2.0037215089027116,0.12161392453445173
2024-06-01,Mirzo Ulug'bek,374490,2.003350266250825,0.12158975462889458
2024-07-01,Mirzo Ulug'bek,375098,2.002811822708317,0.12156620629418789
2024-08-01,Mirzo Ulug'bek,375728,2.00243245591174,0.12154203578898744
2024-09-01,Mirzo Ulug'bek,376359,2.0020489359626303,0.12151784705293577
2024-10-01,Mirzo Ulug'bek,376970,2.001223029758581,0.12149411625172749
2024-11-01,Mirzo Ulug'bek,377603,2.0008319917016903,0.12146985072130193
2024-12-01,Mirzo Ulug'bek,378216,2.0002750816480175,0.12144611738866572
2025-01-01,Mirzo Ulug'bek,378851,1.9998761519884445,0.12142177682681841
2025-02-01,Mirzo Ulug'bek,379489,2.0005590706525522,0.12139739974907278
2025-03-01,Mirzo Ulug'bek,380066,1.9952714615799616,0.1213752235071923
2025-04-01,Mirzo Ulug'bek,380706,1.9959491608976254,0.12135080731918393
2025-05-01,Mirzo Ulug'bek,381326,1.9964585863232909,0.12132695209168931
2025-06-01,Mirzo Ulug'bek,381968,1.9968490480386736,0.12130242720450699
2025-07-01,Mirzo Ulug'bek,382590,1.997344693919989,0.12127861303852075
2025-08-01,Mirzo Ulug'bek,383234,1.9977217561640392,0.12125390472857767
2025-09-01,Mirzo Ulug'bek,383879,1.9980922470300921,0.12122933714652405
2025-10-01,Mirzo Ulug'bek,384504,1.9985675252672586,0.12120524357744981
2025-11-01,Mirzo Ulug'bek,385152,1.9991896250824315,0.12118077251987366
2025-12-01,Mirzo Ulug'bek,385779,1.999650993083324,0.12115679950253287
2026-01-01,Mirzo Ulug'bek,386428,1.9999947208797053,0.12113191199639389
2026-02-01,Mirzo Ulug'bek,387079,2.0000579726948686,0.1211073270622762
2026-03-01,Mirzo Ulug'bek,387667,1.9999158040971743,0.12108478968121099
2026-04-01,Mirzo Ulug'bek,388320,1.9999684796141892,0.12106017437628228
2026-05-01,Mirzo Ulug'bek,388952,1.9998636337412057,0.12103593405994974
2026-06-01,Mirzo Ulug'bek,389607,1.999905751267117,0.12101110791195295
2026-07-01,Mirzo Ulug'bek,390242,2.0000522752816385,0.12098718889145871
2021-01-01,Olmazor,320000,,0.11204481792717087
2021-02-01,Olmazor,320539,,0.11202349935607431
2021-03-01,Olmazor,321026,,0.11200408624802395
2021-04-01,Olmazor,321566,,0.11198248765311289
2021-05-01,Olmazor,322090,,0.11196179067952593
2021-06-01,Olmazor,322632,,0.11194026743645435
2021-07-01,Olmazor,323158,,0.11191964012050934
2021-08-01,Olmazor,323702,,0.11189815360545238
2021-09-01,Olmazor,324247,,0.1118765906117334
2021-10-01,Olmazor,324775,,0.11185564826681003
2021-11-01,Olmazor,325322,,0.11183427782733721
2021-12-01,Olmazor,325852,,0.1118132926779471
2022-01-01,Olmazor,326400,2.0000000000000018,0.11179154165467922
2022-02-01,Olmazor,326949,1.9997566598760175,0.1117697935183919
2022-03-01,Olmazor,327446,1.999838019350464,0.1117501734546327
2022-04-01,Olmazor,327998,2.000211465142465,0.11172876450737022
2022-05-01,Olmazor,328532,2.0000620944456537,0.11170769640363455
2022-06-01,Olmazor,329085,2.000111582236097,0.11168595099101618
2022-07-01,Olmazor,329621,1.9999504886154762,0.11166492088421058
2022-08-01,Olmazor,330176,1.9999876429555474,0.1116431433717801
2022-09-01,Olmazor,330732,2.00001850441176,0.11162140817690298
2022-10-01,Olmazor,331270,1.9998460472634871,0.11160011939228519
2022-11-01,Olmazor,331828,1.9998647493867594,0.11157839166494336
2022-12-01,Olmazor,332369,1.9999877244884168,0.11155736728251585
2023-01-01,Olmazor,332928,2.0000000000000018,0.11153538714499453
2023-02-01,Olmazor,333488,2.000006117162001,0.11151333894654056
2023-03-01,Olmazor,333995,2.0000244315093285,0.11149359252754751
2023-04-01,Olmazor,334558,2.0000121951963212,0.11147188346827033
2023-05-01,Olmazor,335103,2.0001095783668044,0.1114506447017849
2023-06-01,Olmazor,335667,2.0000911618578865,0.11142861410937145
2023-07-01,Olmazor,336213,1.9998725809338591,0.11140712494246784
2023-08-01,Olmazor,336779,1.9998425082380367,0.11138514476672155
2023-09-01,Olmazor,337346,1.9998064898467671,0.11136317270128963
2023-10-01,Olmazor,337896,2.0001811211398657,0.11134188161769576
2023-11-01,Olmazor,338465,2.000132598816262,0.11131988717541223
2023-12-01,Olmazor,339016,1.9998856692411193,0.11129842360938526
2024-01-01,Olmazor,339587,2.000132160707424,0.11127648119548808
2024-02-01,Olmazor,340157,1.9997721057429363,0.11125436676259562
2024-03-01,Olmazor,340691,2.004820431443588,0.11123361897218335
2024-04-01,Olmazor,341263,2.004136801391687,0.11121151902141502
2024-05-01,Olmazor,341817,2.0035630835892215,0.1111899760943682
2024-06-01,Olmazor,342391,2.003175766459031,0.11116782204369101
2024-07-01,Olmazor,342947,2.002896973049828,0.11114632909259142
2024-08-01,Olmazor,343523,2.002500155888587,0.11112423018870121
2024-09-01,Olmazor,344099,2.0018023038660626,0.11110181941462312
2024-10-01,Olmazor,344658,2.001207472121602,0.11108024277552031
2024-11-01,Olmazor,345237,2.0007977191142334,0.11105814003985698
2024-12-01,Olmazor,345798,2.000495551832371,0.1110366153223709
2025-01-01,Olmazor,346378,1.9997820882424744,0.11101417764165783
2025-02-01,Olmazor,346961,2.0002528244310813,0.11099178952311672
2025-03-01,Olmazor,347489,1.995356496062417,0.11097166029397723
2025-04-01,Olmazor,348074,1.9958214046058353,0.11094929133456691
2025-05-01,Olmazor,348641,1.9963898811352188,0.11092752632707618
2025-06-01,Olmazor,349228,1.996839870206868,0.11090511259523197
2025-07-01,Olmazor,349796,1.9971015929575175,0.11088312221025746
2025-08-01,Olmazor,350385,1.997537282802031,0.11086059537599138
2025-09-01,Olmazor,350975,1.9982621280503654,0.11083822403674407
2025-10-01,Olmazor,351547,1.9987930064005566,0.11081637580863073
2025-11-01,Olmazor,352139,1.9992063423097672,0.11079385815048551
2025-12-01,Olmazor,352712,1.9994331951023403,0.11077185918916627
2026-01-01,Olmazor,353306,2.0001270288528827,0.11074930206868534
2026-02-01,Olmazor,353901,2.0002248091284036,0.11072676160335902
2026-03-01,Olmazor,354439,2.0000633113566257,0.11070628082818176
2026-04-01,Olmazor,355035,1.99986209828944,0.11068345439246853
2026-05-01,Olmazor,355614,2.000051629039623,0.11066165659206012
2026-06-01,Olmazor,356212,1.9998396463055679,0.11063869173688508
2026-07-01,Olmazor,356792,2.0000228704730727,0.1106166458222368
2021-01-01,Shahar bo'yicha,2856000,,1.0
2021-02-01,Shahar bo'yicha,2861355,,1.0
2021-03-01,Shahar bo'yicha,2866199,,1.0
2021-04-01,Shahar bo'yicha,2871574,,1.0
2021-05-01,Shahar bo'yicha,2876785,,1.0
2021-06-01,Shahar bo'yicha,2882180,,1.0
2021-07-01,Shahar bo'yicha,2887411,,1.0
2021-08-01,Shahar bo'yicha,2892827,,1.0
2021-09-01,Shahar bo'yicha,2898256,,1.0
2021-10-01,Shahar bo'yicha,2903519,,1.0
2021-11-01,Shahar bo'yicha,2908965,,1.0
2021-12-01,Shahar bo'yicha,2914251,,1.0
2022-01-01,Shahar bo'yicha,2919720,2.231092436974791,1.0
2022-02-01,Shahar bo'yicha,2925200,2.231285527311355,1.0
2022-03-01,Shahar bo'yicha,2930161,2.2315966197741233,1.0
2022-04-01,Shahar bo'yicha,2935663,2.2318421882911554,1.0
2022-05-01,Shahar bo'yicha,2940997,2.232075042104298,1.0
2022-06-01,Shahar bo'yicha,2946521,2.2323727178732655,1.0
2022-07-01,Shahar bo'yicha,2951876,2.232622927598471,1.0
2022-08-01,Shahar bo'yicha,2957423,2.2329714151589464,1.0
2022-09-01,Shahar bo'yicha,2962980,2.233205072291744,1.0
2022-10-01,Shahar bo'yicha,2968366,2.2333933409769413,1.0
2022-11-01,Shahar bo'yicha,2973945,2.2337841809715764,1.0
2022-12-01,Shahar bo'yicha,2979355,2.233987395045922,1.0
2023-01-01,Shahar bo'yicha,2984954,2.234255339553104,1.0
2023-02-01,Shahar bo'yicha,2990566,2.2345822507862767,1.0
2023-03-01,Shahar bo'yicha,2995643,2.234757748806304,1.0
2023-04-01,Shahar bo'yicha,3001277,2.235065809665482,1.0
2023-05-01,Shahar bo'yicha,3006739,2.235364401935813,1.0
2023-06-01,Shahar bo'yicha,3012395,2.2356535045906734,1.0
2023-07-01,Shahar bo'yicha,3017877,2.2359001529874467,1.0
2023-08-01,Shahar bo'yicha,3023554,2.2361021740887166,1.0
2023-09-01,Shahar bo'yicha,3029242,2.236329641104562,1.0
2023-10-01,Shahar bo'yicha,3034761,2.236752475941306,1.0
2023-11-01,Shahar bo'yicha,3040472,2.236994967963435,1.0
2023-12-01,Shahar bo'yicha,3046009,2.2371956346256106,1.0
2024-01-01,Shahar bo'yicha,3051741,2.2374549155531387,1.0
2024-02-01,Shahar bo'yicha,3057471,2.2372019209741634,1.0
2024-03-01,Shahar bo'yicha,3062842,2.2432245764932635,1.0
2024-04-01,Shahar bo'yicha,3068594,2.242945252970663,1.0
2024-05-01,Shahar bo'yicha,3074171,2.2426954916938246,1.0
2024-06-01,Shahar bo'yicha,3079947,2.2424682022111897,1.0
2024-07-01,Shahar bo'yicha,3085545,2.2422385007738965,1.0
2024-08-01,Shahar bo'yicha,3091342,2.2419973316170294,1.0
2024-09-01,Shahar bo'yicha,3097150,2.241748925968934,1.0
2024-10-01,Shahar bo'yicha,3102784,2.2414615187159814,1.0
2024-11-01,Shahar bo'yicha,3108615,2.2411980771406492,1.0
2024-12-01,Shahar bo'yicha,3114270,2.2409979747269215,1.0
2025-01-01,Shahar bo'yicha,3120124,2.24078648876167,1.0
2025-02-01,Shahar bo'yicha,3126006,2.241558464495652,1.0
2025-03-01,Shahar bo'yicha,3131331,2.236125794278654,1.0
2025-04-01,Shahar bo'yicha,3137235,2.2368876430052254,1.0
2025-05-01,Shahar bo'yicha,3142962,2.23770896283908,1.0
2025-06-01,Shahar bo'yicha,3148890,2.238447609650418,1.0
2025-07-01,Shahar bo'yicha,3154637,2.239215438439568,1.0
2025-08-01,Shahar bo'yicha,3160591,2.2400950784481344,1.0
2025-09-01,Shahar bo'yicha,3166552,2.240834315419016,1.0
2025-10-01,Shahar bo'yicha,3172338,2.241664260225651,1.0
2025-11-01,Shahar bo'yicha,3178326,2.24250992805477,1.0
2025-12-01,Shahar bo'yicha,3184130,2.2432223281860564,1.0
2026-01-01,Shahar bo'yicha,3190142,2.2440774789719953,1.0
2026-02-01,Shahar bo'yicha,3196165,2.244365493860223,1.0
2026-03-01,Shahar bo'yicha,3201616,2.244572675325607,1.0
2026-04-01,Shahar bo'yicha,3207661,2.2448429907227174,1.0
2026-05-01,Shahar bo'yicha,3213525,2.245111458554061,1.0
2026-06-01,Shahar bo'yicha,3219597,2.2454579232682015,1.0
2026-07-01,Shahar bo'yicha,3225482,2.2457417446127614,1.0
2021-01-01,Shayxontoxur,295000,,0.10329131652661064
2021-02-01,Shayxontoxur,295497,,0.10327170169377795
2021-03-01,Shayxontoxur,295946,,0.10325382152460454
2021-04-01,Shayxontoxur,296444,,0.10323397551308099
2021-05-01,Shayxontoxur,296927,,0.10321487354807538
2021-06-01,Shayxontoxur,297427,,0.10319515089272703
2021-07-01,Shayxontoxur,297911,,0.10317582083049487
2021-08-01,Shayxontoxur,298413,,0.1031561859730983
2021-09-01,Shayxontoxur,298915,,0.10313616188494046
2021-10-01,Shayxontoxur,299402,,0.10311694189016844
2021-11-01,Shayxontoxur,299906,,0.1030971496735093
2021-12-01,Shayxontoxur,300394,,0.10307760038514184
2022-01-01,Shayxontoxur,300900,2.0000000000000018,0.1030578274629074
2022-02-01,Shayxontoxur,301406,1.9996818918635473,0.10303774100916177
2022-03-01,Shayxontoxur,301865,2.00002703195854,0.10301993644717816
2022-04-01,Shayxontoxur,302373,2.0000404798208082,0.10299990155545782
2022-05-01,Shayxontoxur,302865,1.9998181371178703,0.10298038386302333
2022-06-01,Shayxontoxur,303375,1.999818442844803,0.10296040652688374
2022-07-01,Shayxontoxur,303869,1.9999261524415113,0.10294097719551905
2022-08-01,Shayxontoxur,304381,1.9999128724284887,0.10292102279585977
2022-09-01,Shayxontoxur,304893,1.9998996370205635,0.10290079582042404
2022-10-01,Shayxontoxur,305390,1.9999866400358002,0.10288151797992566
2022-11-01,Shayxontoxur,305904,1.9999599874627405,0.10286135083197571
2022-12-01,Shayxontoxur,306402,2.00003994753557,0.1028417224533498
2023-01-01,Shayxontoxur,306918,2.0000000000000018,0.10282168502429183
2023-02-01,Shayxontoxur,307435,2.0002919649907414,0.10280161012998877
2023-03-01,Shayxontoxur,307902,1.999900617825845,0.10278327557723
2023-04-01,Shayxontoxur,308420,1.9998478700148592,0.10276292391538669
2023-05-01,Shayxontoxur,308923,2.000231126079277,0.10274353710115842
2023-06-01,Shayxontoxur,309443,2.000164812525762,0.10272324844517403
2023-07-01,Shayxontoxur,309947,2.0002040352915307,0.10270365558304728
2023-08-01,Shayxontoxur,310468,1.9997963079167125,0.10268313382198566
2023-09-01,Shayxontoxur,310991,2.0000459177481833,0.10266297641456179
2023-10-01,Shayxontoxur,311498,2.000065490029135,0.10264333830571831
2023-11-01,Shayxontoxur,312022,1.9999738480046103,0.10262288223670535
2023-12-01,Shayxontoxur,312530,1.9999869452549168,0.1026031111529874
2024-01-01,Shayxontoxur,313056,1.9998827048266943,0.10258275522070844
2024-02-01,Shayxontoxur,313582,1.9994470375851892,0.10256254270277625
2024-03-01,Shayxontoxur,314074,2.004533910140238,0.10254332414143466
2024-04-01,Shayxontoxur,314602,2.004409571363719,0.10252317510886093
2024-05-01,Shayxontoxur,315113,2.0037355586990824,0.10250340660945666
2024-06-01,Shayxontoxur,315642,2.00327685551136,0.10248293233617332
2024-07-01,Shayxontoxur,316154,2.002600444592151,0.10246293604533396
2024-08-01,Shayxontoxur,316685,2.0024608011131484,0.10244256377974355
2024-09-01,Shayxontoxur,317217,2.001987195770938,0.1024222268860081
2024-10-01,Shayxontoxur,317732,2.001296958567944,0.10240222973948557
2024-11-01,Shayxontoxur,318265,2.000820454967922,0.102381607243097
2024-12-01,Shayxontoxur,318782,2.000447956996121,0.10236170916458753
2025-01-01,Shayxontoxur,319317,1.9999616681999344,0.10234112490401022
2025-02-01,Shayxontoxur,319855,2.00043369836278,0.1023206609328325
2025-03-01,Shayxontoxur,320341,1.9953896215541667,0.10230186460645649
2025-04-01,Shayxontoxur,320880,1.9955372184538023,0.10228114884603799
2025-05-01,Shayxontoxur,321403,1.9961093322078183,0.10226117910429716
2025-06-01,Shayxontoxur,321944,1.9965657295290207,0.10224047203935355
2025-07-01,Shayxontoxur,322469,1.9974442834820971,0.10222063584494824
2025-08-01,Shayxontoxur,323011,1.9975685618200956,0.10219955698158983
2025-09-01,Shayxontoxur,323555,1.9980013681486275,0.10217896311192742
2025-10-01,Shayxontoxur,324082,1.9985396497677277,0.10215872331384612
2025-11-01,Shayxontoxur,324628,1.9992773317832668,0.10213804373748948
2025-12-01,Shayxontoxur,325157,1.9997992358414152,0.10211800397596832
2026-01-01,Shayxontoxur,325704,2.0002066911564365,0.10209702264037149
2026-02-01,Shayxontoxur,326252,1.999968735833435,0.10207608180428733
2026-03-01,Shayxontoxur,326748,2.000056190122401,0.10205721110839026
2026-04-01,Shayxontoxur,327298,2.0001246571927256,0.10203634361611155
2026-05-01,Shayxontoxur,327831,1.9999813318481774,0.10201601045580787
2026-06-01,Shayxontoxur,328383,2.0000372735631045,0.10199506335730839
2026-07-01,Shayxontoxur,328918,1.9998821592152938,0.10197483662906816
2021-01-01,Sirg'ali,240000,,0.08403361344537816
2021-02-01,Sirg'ali,240603,,0.0840870846155056
2021-03-01,Sirg'ali,241149,,0.08413547000749076
2021-04-01,Sirg'ali,241756,,0.08418936792156496
2021-05-01,Sirg'ali,242344,,0.08424126238144318
2021-06-01,Sirg'ali,242953,,0.08429487401897175
2021-07-01,Sirg'ali,243544,,0.08434684220569916
2021-08-01,Sirg'ali,244156,,0.08440048437047912
2021-09-01,Sirg'ali,244770,,0.08445423730684937
2021-10-01,Sirg'ali,245365,,0.08450607693629696
2021-11-01,Sirg'ali,245982,,0.08455997236130376
2021-12-01,Sirg'ali,246580,,0.08461179218948539
2022-01-01,Sirg'ali,247200,3.0000000000000027,0.08466565287082323
2022-02-01,Sirg'ali,247821,2.999962593982608,0.08471933543005607
2022-03-01,Sirg'ali,248384,3.0002197811311637,0.08476803834328557
2022-04-01,Sirg'ali,249008,2.999718724664535,0.08482172510945568
2022-05-01,Sirg'ali,249614,2.9998679562935227,0.08487393900775825
2022-06-01,Sirg'ali,250241,2.999757154675997,0.08492761463434335
2022-07-01,Sirg'ali,250850,2.99986860690471,0.08497985687745692
2022-08-01,Sirg'ali,251481,3.0001310637461254,0.08503382843779872
2022-09-01,Sirg'ali,252113,2.999959145320097,0.08508764824602258
2022-10-01,Sirg'ali,252726,3.000020377804491,0.08513977049999899
2022-11-01,Sirg'ali,253361,2.9998129944467378,0.08519357284684148
2022-12-01,Sirg'ali,253978,3.0002433287371177,0.0852459676674985
2023-01-01,Sirg'ali,254616,3.0000000000000027,0.08529980696519947
2023-02-01,Sirg'ali,255256,3.0001493013102287,0.08535374240193996
2023-03-01,Sirg'ali,255835,2.999790646740541,0.08540236603627335
2023-04-01,Sirg'ali,256479,3.0003052110775474,0.08545662396373277
2023-05-01,Sirg'ali,257102,2.999831740206882,0.08550858587991841
2023-06-01,Sirg'ali,257749,3.000307703373939,0.08556281629733152
2023-07-01,Sirg'ali,258376,3.0001993223041756,0.08561515263875896
2023-08-01,Sirg'ali,259025,2.999829012927413,0.08566905039566021
2023-09-01,Sirg'ali,259676,2.999845307461335,0.0857230950845129
2023-10-01,Sirg'ali,260308,3.000087050798106,0.08577545315759627
2023-11-01,Sirg'ali,260962,3.000067097935366,0.08582943700846447
2023-12-01,Sirg'ali,261597,2.999866130137252,0.08588188675739303
2024-01-01,Sirg'ali,262254,2.999811480818182,0.08593586415098792
2024-02-01,Sirg'ali,262912,2.9993418372143976,0.08599002247282149
2024-03-01,Sirg'ali,263528,3.007016240936533,0.08604035075919685
2024-04-01,Sirg'ali,264189,3.0060940661808644,0.086094478448436
2024-05-01,Sirg'ali,264830,3.0058109232911523,0.08614680185324759
2024-06-01,Sirg'ali,265494,3.004861318569607,0.08620083397538984
2024-07-01,Sirg'ali,266138,3.0041489921664555,0.08625315787000351
2024-08-01,Sirg'ali,266805,3.003571083872214,0.08630717662426221
2024-09-01,Sirg'ali,267474,3.0029729355042445,0.08636133219249956
2024-10-01,Sirg'ali,268123,3.002212763341894,0.08641368525814236
2024-11-01,Sirg'ali,268795,3.0015864378721835,0.08646776780012964
2024-12-01,Sirg'ali,269447,3.000798938825744,0.08652011546847255
2025-01-01,Sirg'ali,270122,3.000144897694601,0.08657412333612383
2025-02-01,Sirg'ali,270801,3.000623782862699,0.08662843257498547
2025-03-01,Sirg'ali,271416,2.9932303208767275,0.0866775182821618
2025-04-01,Sirg'ali,272098,2.993690123358661,0.08673178770477825
2025-05-01,Sirg'ali,272760,2.9943737491975986,0.08678437728486695
2025-06-01,Sirg'ali,273446,2.9951712656406615,0.0868388543264452
2025-07-01,Sirg'ali,274111,2.9958142016547784,0.08689145534018652
2025-08-01,Sirg'ali,274800,2.996570529038056,0.08694576425738097
2025-09-01,Sirg'ali,275490,2.9969268041005748,0.08699999242077819
2025-10-01,Sirg'ali,276161,2.997877839648222,0.08705282980565122
2025-11-01,Sirg'ali,276855,2.9985676816905116,0.08710717528661314
2025-12-01,Sirg'ali,277528,2.9991055754935214,0.0871597579244566
2026-01-01,Sirg'ali,278226,3.000125869051762,0.08721429955155602
2026-02-01,Sirg'ali,278925,2.9999889217543485,0.08726864852096183
2026-03-01,Sirg'ali,279558,2.999823149703773,0.08731777952134172
2026-04-01,Sirg'ali,280261,3.0000220508787256,0.08737238754344677
2026-05-01,Sirg'ali,280943,3.0000733245343802,0.08742517951470737
2026-06-01,Sirg'ali,281649,2.9998610328913156,0.0874795820719177
2026-07-01,Sirg'ali,282334,2.999879610814604,0.08753234400315983
2021-01-01,Uchtepa,245000,,0.0857843137254902
2021-02-01,Uchtepa,245412,,0.08576775688441315
2021-03-01,Uchtepa,245785,,0.08575294318363798
2021-04-01,Uchtepa,246199,,0.08573660299194796
2021-05-01,Uchtepa,246600,,0.08572069167490792
2021-06-01,Uchtepa,247015,,0.08570422388608623
2021-07-01,Uchtepa,247418,,0.08568852858148701
2021-08-01,Uchtepa,247834,,0.08567190502577582
2021-09-01,Uchtepa,248251,,0.08565530443135458
2021-10-01,Uchtepa,248656,,0.08563952913688527
2021-11-01,Uchtepa,249074,,0.08562289336585349
2021-12-01,Uchtepa,249480,,0.08560690208221598
2022-01-01,Uchtepa,249900,2.0000000000000018,0.08559039907936378
2022-02-01,Uchtepa,250321,2.000309683308066,0.08557397784766854
2022-03-01,Uchtepa,250701,2.0001220578961254,0.08555877987591808
2022-04-01,Uchtepa,251123,2.0000081235098444,0.08554217565163304
2022-05-01,Uchtepa,251532,2.0000000000000018,0.08552609880254892
2022-06-01,Uchtepa,251956,2.0002833836001876,0.08550965698191189
2022-07-01,Uchtepa,252366,1.9998544972475774,0.08549342858575361
2022-08-01,Uchtepa,252791,2.0001291186842796,0.08547678164401913
2022-09-01,Uchtepa,253216,1.9999919436376912,0.08545990860552552
2022-10-01,Uchtepa,253629,1.9999517405572265,0.08544397826952606
2022-11-01,Uchtepa,254056,2.000208773296297,0.08542726916604039
2022-12-01,Uchtepa,254470,2.0001603334936613,0.08541110408125249
2023-01-01,Uchtepa,254898,2.0000000000000018,0.08539428078288644
2023-02-01,Uchtepa,255327,1.999832215435382,0.08537748372716068
2023-03-01,Uchtepa,255715,1.999992022369268,0.08536230785844642
2023-04-01,Uchtepa,256146,2.0002150340669766,0.08534567119262901
2023-05-01,Uchtepa,256563,2.0001431229426103,0.08532932189990551
2023-06-01,Uchtepa,256995,1.999952372636482,0.08531251711677917
2023-07-01,Uchtepa,257413,1.999873200034874,0.08529605414667331
2023-08-01,Uchtepa,257847,2.0000712050666447,0.08527944266912382
2023-09-01,Uchtepa,258281,2.0002685454315605,0.08526258384110612
2023-10-01,Uchtepa,258701,1.999771319525756,0.08524592216652316
2023-11-01,Uchtepa,259137,1.9999527663192351,0.08522920125559452
2023-12-01,Uchtepa,259559,1.9998428105474142,0.08521281453863071
2024-01-01,Uchtepa,259996,2.0000156925515267,0.08519595863475964
2024-02-01,Uchtepa,260432,1.9993968518801308,0.0851788945831375
2024-03-01,Uchtepa,260841,2.0045754062139487,0.08516306097408877
2024-04-01,Uchtepa,261279,2.003935255674505,0.08514616140160608
2024-05-01,Uchtepa,261704,2.0037963385211466,0.08512994234868522
2024-06-01,Uchtepa,262143,2.00315181229207,0.08511282824022622
2024-07-01,Uchtepa,262569,2.0030068411463375,0.08509647404267318
2024-08-01,Uchtepa,263010,2.0023502309509222,0.0850795544459332
2024-09-01,Uchtepa,263451,2.001695827412786,0.08506239607380979
2024-10-01,Uchtepa,263879,2.0015384555915894,0.08504588137620923
2024-11-01,Uchtepa,264322,2.0008721255551976,0.0850288633362446
2024-12-01,Uchtepa,264751,2.000315920465101,0.08501221795155847
2025-01-01,Uchtepa,265196,2.000030769704142,0.08499533992879771
2025-02-01,Uchtepa,265642,2.000522209252309,0.08497808385524531
2025-03-01,Uchtepa,266046,1.9954685038011677,0.08496259258443135
2025-04-01,Uchtepa,266494,1.995950688727377,0.08494550137302434
2025-05-01,Uchtepa,266928,1.9961483202396657,0.08492880282994195
2025-06-01,Uchtepa,267377,1.9966201653296212,0.08491150849982057
2025-07-01,Uchtepa,267813,1.9971893102384453,0.08489502912696453
2025-08-01,Uchtepa,268264,1.997642675183453,0.08487779658930877
2025-09-01,Uchtepa,268715,1.9980945223210478,0.08486044126229413
2025-10-01,Uchtepa,269153,1.9986433175811724,0.08484373354919936
2025-11-01,Uchtepa,269606,1.9990768834981631,0.08482641491149744
2025-12-01,Uchtepa,270045,1.9996147323334101,0.08480966543451429
2026-01-01,Uchtepa,270500,2.000030166367517,0.08479246378374379
2026-02-01,Uchtepa,270955,2.0000602314393046,0.08477503508110501
2026-03-01,Uchtepa,271367,2.0000300699879014,0.08475938401107441
2026-04-01,Uchtepa,271824,2.000045029156383,0.0847421220633976
2026-05-01,Uchtepa,272267,2.000164838458307,0.08472534055281972
2026-06-01,Uchtepa,272725,2.000172041723869,0.08470780659815498
2026-07-01,Uchtepa,273169,1.9999029173341176,0.08469090821154791
2021-01-01,Yakkasaroy,118000,,0.04131652661064426
2021-02-01,Yakkasaroy,118199,,0.04130875057446559
2021-03-01,Yakkasaroy,118378,,0.041301389052190725
2021-04-01,Yakkasaroy,118578,,0.04129372950166006
2021-05-01,Yakkasaroy,118771,,0.04128601894128341
2021-06-01,Yakkasaroy,118971,,0.04127812974900943
2021-07-01,Yakkasaroy,119164,,0.0412701897997895
2021-08-01,Yakkasaroy,119365,,0.04126240525271646
2021-09-01,Yakkasaroy,119566,,0.041254464753976185
2021-10-01,Yakkasaroy,119761,,0.041246845637999956
2021-11-01,Yakkasaroy,119962,,0.041238722363452295
2021-12-01,Yakkasaroy,120158,,0.041231177410593664
2022-01-01,Yakkasaroy,120360,2.0000000000000018,0.04122313098516296
2022-02-01,Yakkasaroy,120563,2.0000169206169316,0.041215301517844936
2022-03-01,Yakkasaroy,120746,2.000371690685765,0.041207974578871265
2022-04-01,Yakkasaroy,120949,1.9995277370169928,0.041199892494472284
2022-05-01,Yakkasaroy,121146,1.999646378324682,0.04119215354520933
2022-06-01,Yakkasaroy,121350,1.999646972791691,0.04118416261075349
2022-07-01,Yakkasaroy,121548,2.0006042093249743,0.041176526385254666
2022-08-01,Yakkasaroy,121752,1.9997486700456646,0.04116827386545652
2022-09-01,Yakkasaroy,121957,1.9997323653881516,0.04116025082855774
2022-10-01,Yakkasaroy,122156,1.9998163007990843,0.04115260719197026
2022-11-01,Yakkasaroy,122362,2.0006335339524117,0.04114467483426896
2022-12-01,Yakkasaroy,122561,1.9998668419913823,0.041136756109963396
2023-01-01,Yakkasaroy,122767,1.9998338318378162,0.041128607007009155
2023-02-01,Yakkasaroy,122974,1.999784345114164,0.04112064405199551
2023-03-01,Yakkasaroy,123161,2.000066254782773,0.04111337699452171
2023-04-01,Yakkasaroy,123368,2.0000165358952993,0.041105169566154676
2023-05-01,Yakkasaroy,123569,2.000066036022652,0.04109734832321661
2023-06-01,Yakkasaroy,123777,2.0000000000000018,0.04108923298571403
2023-07-01,Yakkasaroy,123979,2.000032908809679,0.0410815285049722
2023-08-01,Yakkasaroy,124187,1.9999671463302393,0.04107318738147227
2023-09-01,Yakkasaroy,124396,1.9998852054412541,0.041065058519590046
2023-10-01,Yakkasaroy,124599,1.99990176495628,0.041057269419239276
2023-11-01,Yakkasaroy,124809,1.9998038606757085,0.04104921867394273
2023-12-01,Yakkasaroy,125012,1.999820497548166,0.04104124446119496
2024-01-01,Yakkasaroy,125223,2.0005376037534495,0.04103329869736652
2024-02-01,Yakkasaroy,125433,1.999609673589542,0.04102508249464999
2024-03-01,Yakkasaroy,125630,2.0046930440642763,0.041017460254234465
2024-04-01,Yakkasaroy,125841,2.004571687957979,0.04100933521997371
2024-05-01,Yakkasaroy,126045,2.0037388018030455,0.041001297585593
2024-06-01,Yakkasaroy,126257,2.003603254239472,0.04099323787065167
2024-07-01,Yakkasaroy,126462,2.00275853168681,0.04098530405487523
2024-08-01,Yakkasaroy,126674,2.002625073477904,0.04097702551189742
2024-09-01,Yakkasaroy,126887,2.002475963857364,0.04096895532990007
2024-10-01,Yakkasaroy,127093,2.001621200812198,0.0409609563540356
2024-11-01,Yakkasaroy,127306,2.000657003901951,0.0409526428972388
2024-12-01,Yakkasaroy,127513,2.000607941637611,0.040944747886342545
2025-01-01,Yakkasaroy,127727,1.9996326553428645,0.040936514061620626
2025-02-01,Yakkasaroy,127942,2.000271061044545,0.040928264373133
2025-03-01,Yakkasaroy,128137,1.9955424659715115,0.040920937454392396
2025-04-01,Yakkasaroy,128352,1.9953751162180788,0.0409124595384152
2025-05-01,Yakkasaroy,128561,1.9961124995041546,0.0409044080074783
2025-06-01,Yakkasaroy,128778,1.9967209738865899,0.040896315844630965
2025-07-01,Yakkasaroy,128987,1.9966472141829117,0.040888064141769716
2025-08-01,Yakkasaroy,129205,1.998042218608398,0.04088001263054916
2025-09-01,Yakkasaroy,129422,1.9978405983276382,0.04087158524477097
2025-10-01,Yakkasaroy,129633,1.9985365047642256,0.040863552370522936
2025-11-01,Yakkasaroy,129851,1.99912022999702,0.04085515456878873
2025-12-01,Yakkasaroy,130063,1.9997960992212516,0.04084726440189314
2026-01-01,Yakkasaroy,130282,2.000360143117752,0.04083893444241667
2026-02-01,Yakkasaroy,130501,2.000125056666291,0.040830495296707146
2026-03-01,Yakkasaroy,130699,1.9994224931128457,0.040822821974902675
2026-04-01,Yakkasaroy,130919,1.9999688357018153,0.04081447509571616
2026-05-01,Yakkasaroy,131132,1.9998288750087578,0.04080627970841988
2026-06-01,Yakkasaroy,131353,1.9995651431145012,0.04079796322334752
2026-07-01,Yakkasaroy,131567,2.0002015707009324,0.040789872645390676
2021-01-01,Yangihayot,210000,,0.07352941176470588
2021-02-01,Yangihayot,210701,,0.07363679096092586
2021-03-01,Yangihayot,211336,,0.0737338893775345
2021-04-01,Yangihayot,212041,,0.07384138455077251
2021-05-01,Yangihayot,212725,,0.07394539390326355
2021-06-01,Yangihayot,213435,,0.07405332075026543
2021-07-01,Yangihayot,214124,,0.07415778356458433
2021-08-01,Yangihayot,214839,,0.07426610716783272
2021-09-01,Yangihayot,215556,,0.07437438238720114
2021-10-01,Yangihayot,216252,,0.07447927842042708
2021-11-01,Yangihayot,216973,,0.07458769699876072
2021-12-01,Yangihayot,217674,,0.0746929485483577
2022-01-01,Yangihayot,218400,4.0000000000000036,0.07480169331305742
2022-02-01,Yangihayot,219129,3.9999810157521853,0.07491077533160126
2022-03-01,Yangihayot,219789,3.999791800734376,0.07500918891487533
2022-04-01,Yangihayot,220522,3.999698171580035,0.07511829525391708
2022-05-01,Yangihayot,221234,4.0000000000000036,0.07522415017764383
2022-06-01,Yangihayot,221973,4.000281116030635,0.07533392770660721
2022-07-01,Yangihayot,222689,4.000018680764428,0.075439821997943
2022-08-01,Yangihayot,223432,3.999739339691577,0.07554955784140449
2022-09-01,Yangihayot,224178,3.9998886600233874,0.07565963995707024
2022-10-01,Yangihayot,224902,3.9999630061224867,0.07576626332467087
2022-11-01,Yangihayot,225652,4.000036870947077,0.07587631916528383
2022-12-01,Yangihayot,226381,4.000018376103709,0.07598322455699304
2023-01-01,Yangihayot,227136,4.0000000000000036,0.07609363494378808
2023-02-01,Yangihayot,227894,3.999926983648905,0.07620430380068523
2023-03-01,Yangihayot,228581,4.0002001920023345,0.07630448621548028
2023-04-01,Yangihayot,229343,4.000054416339416,0.07641513928904263
2023-05-01,Yangihayot,230084,4.000289286456882,0.07652277101537579
2023-06-01,Yangihayot,230851,3.9995855351776965,0.07663370839481543
2023-07-01,Yangihayot,231597,4.0001975849727645,0.0767416962321526
2023-08-01,Yangihayot,232370,4.000322245694443,0.07685326605709704
2023-09-01,Yangihayot,233145,3.9999464711077737,0.07696479845453087
2023-10-01,Yangihayot,233898,3.999964428951275,0.07707295566273588
2023-11-01,Yangihayot,234678,3.999964547178836,0.07718472658192543
2023-12-01,Yangihayot,235436,3.9998939840357517,0.07729327129368298
2024-01-01,Yangihayot,236221,3.999806283460128,0.07740532371521698
2024-02-01,Yangihayot,237007,3.998788910633899,0.07751733377029578
2024-03-01,Yangihayot,237745,4.009082119686247,0.07762235205080771
2024-04-01,Yangihayot,238536,4.0084066223952775,0.07773462373973226
2024-05-01,Yangihayot,239304,4.007232141304917,0.07784342510549999
2024-06-01,Yangihayot,240101,4.006913550298674,0.07795621158416037
2024-07-01,Yangihayot,240874,4.005665012931936,0.0780653012676853
2024-08-01,Yangihayot,241675,4.004389551146881,0.07817802106657885
2024-09-01,Yangihayot,242479,4.003517124536238,0.07829100947645416
2024-10-01,Yangihayot,243260,4.0025994236803975,0.07840055898186919
2024-11-01,Yangihayot,244070,4.002079445026796,0.0785140649453213
2024-12-01,Yangihayot,244856,4.001087344331378,0.07862388296454707
2025-01-01,Yangihayot,245670,4.000067733182067,0.07873725531421187
2025-02-01,Yangihayot,246490,4.001147645428205,0.07885141615211232
2025-03-01,Yangihayot,247233,3.9908305116826748,0.0789546042880807
2025-04-01,Yangihayot,248058,3.9918502867491767,0.07906898909389956
2025-05-01,Yangihayot,248859,3.9928292046936154,0.07917976736594333
2025-06-01,Yangihayot,249689,3.9933194780529924,0.07929429100413161
2025-07-01,Yangihayot,250495,3.994204438835247,0.07940533253112798
2025-08-01,Yangihayot,251331,3.995448432812654,0.07952025428155683
2025-09-01,Yangihayot,252170,3.996634760123552,0.07963551522286702
2025-10-01,Yangihayot,252984,3.9973690701307296,0.07974686177828466
2025-11-01,Yangihayot,253828,3.998033351087793,0.07986216643604212
2025-12-01,Yangihayot,254647,3.9986767732871575,0.07997380760207655
2026-01-01,Yangihayot,255497,4.000081410021572,0.08008953833403028
2026-02-01,Yangihayot,256350,4.000162278388575,0.0802054962744414
2026-03-01,Yangihayot,257122,3.9998705674404222,0.0803100684154502
2026-04-01,Yangihayot,257980,3.9998709979117697,0.08042620463945535
2026-05-01,Yangihayot,258813,3.9998553397707193,0.08053866081639321
2026-06-01,Yangihayot,259677,4.000176219216711,0.08065512547067226
2026-07-01,Yangihayot,260515,4.000079841913018,0.08076777362267097
2021-01-01,Yashnobod,270000,,0.09453781512605042
2021-02-01,Yashnobod,270454,,0.09451955454670952
2021-03-01,Yashnobod,270866,,0.09450355680118512
2021-04-01,Yashnobod,271322,,0.09448546337304907
2021-05-01,Yashnobod,271764,,0.09446795641662481
2021-06-01,Yashnobod,272221,,0.09444968738940664
2021-07-01,Yashnobod,272664,,0.09443200154048038
2021-08-01,Yashnobod,273123,,0.09441387265812992
2021-09-01,Yashnobod,273583,,0.09439573315814752
2021-10-01,Yashnobod,274029,,0.09437823551352686
2021-11-01,Yashnobod,274490,,0.0943600215196814
2021-12-01,Yashnobod,274937,,0.09434225123367891
2022-01-01,Yashnobod,275400,2.0000000000000018,0.09432411327113559
2022-02-01,Yashnobod,275864,2.0003401687532785,0.09430603035689868
2022-03-01,Yashnobod,276283,1.9998818604032964,0.09428935816154813
2022-04-01,Yashnobod,276748,1.9998378310641884,0.09427103860354544
2022-05-01,Yashnobod,277199,1.999896969429349,0.09425341134316016
2022-06-01,Yashnobod,277665,1.999845713592996,0.09423486206275129
2022-07-01,Yashnobod,278118,2.0002640612622136,0.09421737227444513
2022-08-01,Yashnobod,278586,2.000197713118257,0.09419890221993946
2022-09-01,Yashnobod,279055,2.0001242767277105,0.09418052096200447
2022-10-01,Yashnobod,279509,1.9997883435694863,0.09416257968188559
2022-11-01,Yashnobod,279980,2.00007286239936,0.09414430999900805
2022-12-01,Yashnobod,280436,2.000094567119004,0.09412641326730115
2023-01-01,Yashnobod,280908,2.0000000000000018,0.09410798290358914
2023-02-01,Yashnobod,281381,1.9998985007104952,0.09408954692857473
2023-03-01,Yashnobod,281809,2.0001230622224364,0.09407295862691249
2023-04-01,Yashnobod,282283,2.0000144535823106,0.09405429755400785
2023-05-01,Yashnobod,282743,2.0000072150332393,0.09403642950053197
2023-06-01,Yashnobod,283219,2.00025210235355,0.0940178827809766
2023-07-01,Yashnobod,283680,1.9998705585398957,0.0939998548648603
2023-08-01,Yashnobod,284158,2.000100507563185,0.09398145361385972
2023-09-01,Yashnobod,284636,1.9999641647703958,0.09396278012783396
2023-10-01,Yashnobod,285100,2.000293371590889,0.09394479499374085
2023-11-01,Yashnobod,285579,1.9997856989784957,0.09392587729799846
2023-12-01,Yashnobod,286045,2.000099844527803,0.09390812699502858
2024-01-01,Yashnobod,286526,1.9999430418500053,0.09388935692773404
2024-02-01,Yashnobod,287007,1.9994242681630858,0.09387071864295687
2024-03-01,Yashnobod,287458,2.004549180473303,0.09385335580483747
2024-04-01,Yashnobod,287940,2.004017245105083,0.09383450531416017
2024-05-01,Yashnobod,288408,2.003586295681936,0.09381651183359677
2024-06-01,Yashnobod,288892,2.003043581115671,0.0937977179477439
2024-07-01,Yashnobod,289362,2.002961082910315,0.09377986708993062
2024-08-01,Yashnobod,289847,2.0020551946452247,0.0937608973707859
2024-09-01,Yashnobod,290334,2.001855000772923,0.09374231147990895
2024-10-01,Yashnobod,290806,2.001403016485437,0.09372421670345084
2024-11-01,Yashnobod,291294,2.0011975670479965,0.09370539613300458
2024-12-01,Yashnobod,291767,2.000384554877721,0.09368712410934184
2025-01-01,Yashnobod,292257,2.0001675240641337,0.0936683926664453
2025-02-01,Yashnobod,292749,2.000648067817168,0.09364953234254829
2025-03-01,Yashnobod,293194,1.9954219399007878,0.09363238827195208
2025-04-01,Yashnobod,293687,1.9959019240119558,0.09361332510953116
2025-05-01,Yashnobod,294166,1.9964772128373776,0.09359515005272097
2025-06-01,Yashnobod,294661,1.996940032953498,0.093576149055699
2025-07-01,Yashnobod,295141,1.9971523558725668,0.0935578324859564
2025-08-01,Yashnobod,295638,1.9979506429254057,0.09353883498371032
2025-09-01,Yashnobod,296135,1.9980436325060191,0.09351970218711078
2025-10-01,Yashnobod,296618,1.9985832479384902,0.09350138604398396
2025-11-01,Yashnobod,297117,1.9990113081628902,0.09348222932449346
2025-12-01,Yashnobod,297601,1.9995407294176593,0.0934638347052413
2026-01-01,Yashnobod,298102,1.9999520969557594,0.09344474321205765
2026-02-01,Yashnobod,298604,2.0000068317910458,0.09342571488017672
2026-03-01,Yashnobod,299058,2.0000409285319654,0.09340845373086591
2026-04-01,Yashnobod,299561,2.000088529625077,0.09338923283975457
2026-05-01,Yashnobod,300049,1.9998912178837758,0.0933706755043138
2026-06-01,Yashnobod,300554,1.999925337930697,0.09335143497773168
2026-07-01,Yashnobod,301044,2.000060987799057,0.0933330274358995
2021-01-01,Yunusobod,310000,,0.10854341736694678
2021-02-01,Yunusobod,310522,,0.10852271039420135
2021-03-01,Yunusobod,310994,,0.10850398035865619
2021-04-01,Yunusobod,311517,,0.1084830131488863
2021-05-01,Yunusobod,312025,,0.10846309334899897
2021-06-01,Yunusobod,312550,,0.10844222081896342
2021-07-01,Yunusobod,313059,,0.10842204313829933
2021-08-01,Yunusobod,313586,,0.10840122827946504
2021-09-01,Yunusobod,314114,,0.10838035011399959
2021-10-01,Yunusobod,314626,,0.10836023459808598
2021-11-01,Yunusobod,315155,,0.10833922030687891
2021-12-01,Yunusobod,315669,,0.10831908438909346
2022-01-01,Yunusobod,316200,2.0000000000000018,0.10829805597797049
2022-02-01,Yunusobod,316732,1.9998583031153983,0.10827704088609326
2022-03-01,Yunusobod,317214,2.000038585953434,0.10825821516292108
2022-04-01,Yunusobod,317748,2.000211866447099,0.10823721932660527
2022-05-01,Yunusobod,318265,1.9998397564297665,0.10821670338324045
2022-06-01,Yunusobod,318801,2.0000000000000018,0.1081957332053632
2022-07-01,Yunusobod,319320,1.9999425028508933,0.10817527565521044
2022-08-01,Yunusobod,319858,2.000089289700435,0.10815429514141196
2022-09-01,Yunusobod,320396,1.9999108603882654,0.10813302823508765
2022-10-01,Yunusobod,320918,1.999834724402949,0.10811267882734137
2022-11-01,Yunusobod,321458,1.9999682695816423,0.10809144083027762
2022-12-01,Yunusobod,321982,1.9998796207419733,0.10807104222222595
2023-01-01,Yunusobod,322524,2.0000000000000018,0.10804990629671345
2023-02-01,Yunusobod,323067,2.0001136607605163,0.1080287142968923
2023-03-01,Yunusobod,323558,1.9999117315124826,0.10800953251105022
2023-04-01,Yunusobod,324103,2.000012588592215,0.10798836628541784
2023-05-01,Yunusobod,324631,2.000219942500747,0.1079678016615343
2023-06-01,Yunusobod,325177,1.9999937264939538,0.10794633505898131
2023-07-01,Yunusobod,325707,2.0001878992859767,0.10792586974220619
2023-08-01,Yunusobod,326255,1.9999499778026397,0.10790447268347117
2023-09-01,Yunusobod,326804,2.0000249691007443,0.1078830941865985
2023-10-01,Yunusobod,327337,2.000199427891247,0.10786253019595282
2023-11-01,Yunusobod,327888,2.0002613094090016,0.10784115097919007
2023-12-01,Yunusobod,328422,2.000111807492355,0.10782042994620174
2024-01-01,Yunusobod,328974,1.9998511738661406,0.10779879419649309
2024-02-01,Yunusobod,329527,1.9995852253557267,0.10777763713866788
2024-03-01,Yunusobod,330044,2.0045865038107458,0.10775743574105356
2024-04-01,Yunusobod,330598,2.003992557921408,0.10773598592710537
2024-05-01,Yunusobod,331135,2.0035055185734008,0.10771521818402424
2024-06-01,Yunusobod,331691,2.003216709668898,0.10769373628831924
2024-07-01,Yunusobod,332230,2.002720236285982,0.10767303669205926
2024-08-01,Yunusobod,332788,2.002421418828826,0.10765162832193914
2024-09-01,Yunusobod,333346,2.0018114833355805,0.10762991782768029
2024-10-01,Yunusobod,333888,2.001301411083989,0.10760916647758915
2024-11-01,Yunusobod,334448,2.0006831601034447,0.10758746258381949
2024-12-01,Yunusobod,334992,2.0004749986298087,0.10756678130027261
2025-01-01,Yunusobod,335554,2.000158067202884,0.10754508474663187
2025-02-01,Yunusobod,336119,2.000443059294077,0.10752346604581053
2025-03-01,Yunusobod,336630,1.9954915102228687,0.1075038058895722
2025-04-01,Yunusobod,337196,1.9957773489252872,0.1074819068383465
2025-05-01,Yunusobod,337746,1.9964666978724788,0.10746105107220513
2025-06-01,Yunusobod,338314,1.9967379277701314,0.10743912934399105
2025-07-01,Yunusobod,338865,1.9971104355416491,0.10741806426539725
2025-08-01,Yunusobod,339436,1.9976681851509026,0.107396369856144
2025-09-01,Yunusobod,340007,1.9982240674854435,0.10737451966681741
2025-10-01,Yunusobod,340561,1.998574372244577,0.10735331481071689
2025-11-01,Yunusobod,341134,1.9991149595751878,0.1073313436066659
2025-12-01,Yunusobod,341690,1.9994507331518419,0.1073103171038871
2026-01-01,Yunusobod,342265,1.9999761588298748,0.10728832760422577
2026-02-01,Yunusobod,342841,1.9998869448022871,0.10726636453374591
2026-03-01,Yunusobod,343362,1.9998217627662518,0.10724646553490487
2026-04-01,Yunusobod,343940,2.0000237250738406,0.10722454773119729
2026-05-01,Yunusobod,344501,2.000023686438923,0.10720346037451085
2026-06-01,Yunusobod,345081,2.0002128200429237,0.10718142674378191
2026-07-01,Yunusobod,345643,2.0002065719386675,0.1071601081636791
