date,temp_mean,temp_max,temp_min,temp_range,temp_diurnal_range,precipitation_sum,rain_days,max_daily_rain,humidity_mean,humidity_max,wind_mean,wind_max,wind_gust_max,solar_radiation,sunshine_duration,et0,soil_moisture_0_7,soil_moisture_7_28,soil_temperature,surface_pressure,heatwave_days,frost_days,days_above_35,days_below_0,gdd,gdd_cumulative,drought_index,rainfall_anomaly,rainfall_roll3,rainfall_roll6,temperature_roll3,temperature_roll6,n_days,temp_mean_lag_1,temp_mean_lag_2,temp_mean_lag_3,temp_mean_lag_6,precipitation_sum_lag_1,precipitation_sum_lag_2,precipitation_sum_lag_3,precipitation_sum_lag_6,et0_lag_1,et0_lag_2,et0_lag_3,et0_lag_6,drought_index_lag_1,drought_index_lag_2,drought_index_lag_3,drought_index_lag_6,gdd_lag_1,gdd_lag_2,gdd_lag_3,gdd_lag_6,soil_moisture_0_7_lag_1,soil_moisture_0_7_lag_2,soil_moisture_0_7_lag_3,soil_moisture_0_7_lag_6
2021-01-01,0.5187601369616147,16.21899441340782,-10.494413407821229,26.713407821229048,11.765579383672733,7.772067039106146,1.7039106145251397,4.683240223463687,59.34673664924611,96.7877094972067,8.161076320057667,31.849162011173185,59.245251396648044,284.57474860335196,251.5056572470515,40.8508938547486,0.2615800444524539,0.27085092659338017,0.5695335495885144,975.8135745179312,0.0,26.30167597765363,0.0,26.30167597765363,1.2483240223463687,1.2483240223463687,-33.07882681564245,-21.296275605214156,17.248417132216016,12.674860335195532,1.3425588194069003,10.913843535371738,31,-0.722796900342404,4.23171322160149,12.951090286538117,30.570571274103443,18.82067039106145,25.15251396648045,5.0027932960893855,1.1016759776536311,24.133910614525142,46.5031843575419,95.28061452513967,251.84698324022347,-5.313240223463691,-21.35067039106145,-90.27782122905029,-250.74530726256984,0.0,21.7086592178771,110.02234636871508,624.9033519553074,0.26092539196251574,0.22075434512725015,0.16348067219318796,0.13855703730401875
2021-02-01,6.812150837988827,23.93798882681564,-10.029608938547486,33.96759776536313,11.608679169992017,22.949162011173183,6.441340782122905,6.756983240223463,60.565883546155895,98.9608938547486,8.926966945996277,31.059217877094973,58.0413407821229,307.272625698324,214.64914463066418,54.75245810055866,0.2514060421654696,0.2575997522612397,7.187067704176643,972.8750556996541,0.0,6.988826815642458,0.0,6.988826815642458,22.10949720670391,23.35782122905028,-31.80329608938548,-18.362662942271886,16.51396648044693,14.526722532588456,2.2027046915360127,7.418905258204681,28,0.5187601369616147,-0.722796900342404,4.23171322160149,27.781780500991168,7.772067039106146,18.82067039106145,25.15251396648045,11.837988826815643,40.8508938547486,24.133910614525142,46.5031843575419,212.59888268156422,-33.07882681564245,-5.313240223463691,-21.35067039106145,-200.7608938547486,1.2483240223463687,0.0,21.7086592178771,546.7606145251397,0.2615800444524539,0.26092539196251574,0.22075434512725015,0.14762151588874872
2021-03-01,8.925428005045953,25.45921787709497,-5.170391061452514,30.629608938547484,11.269075509100738,78.96256983240222,10.268156424581006,18.48826815642458,65.33307052321739,99.20111731843575,10.075049558479005,33.510614525139665,65.75027932960893,416.1258659217877,234.54576111111112,75.5627374301676,0.2964955847900523,0.28899304679521837,9.400168949360244,969.6228802486935,0.0,6.17877094972067,0.0,6.17877094972067,46.562290502793296,69.92011173184358,3.3998324022346225,12.873649906890122,36.56126629422719,26.443296089385473,5.418779659998798,5.452724264632266,31,6.812150837988827,0.5187601369616147,-0.722796900342404,20.722513966480445,22.949162011173183,7.772067039106146,18.82067039106145,7.463128491620112,54.75245810055866,40.8508938547486,24.133910614525142,156.9385474860335,-31.80329608938548,-33.07882681564245,-5.313240223463691,-149.4754189944134,22.10949720670391,1.2483240223463687,0.0,322.85754189944134,0.2514060421654696,0.2615800444524539,0.26092539196251574,0.15126718653010554
2021-04-01,16.58582867783985,34.9122905027933,-0.3608938547486033,35.2731843575419,13.914040968342643,15.339106145251396,2.7486033519553073,9.263687150837988,45.57775450031037,94.50279329608938,9.807150062073246,31.91005586592179,62.03072625698324,645.3789385474861,336.7697708566108,142.661843575419,0.21017249379267536,0.2532550279329609,17.595515207945375,969.566984016139,0.7374301675977654,1.1173184357541899,1.089385474860335,1.1173184357541899,204.93715083798884,274.8572625698324,-127.3227374301676,-19.664059590316572,39.083612662942265,28.166014897579142,10.774469173624874,6.058513996515888,30,8.925428005045953,6.812150837988827,0.5187601369616147,12.951090286538117,78.96256983240222,22.949162011173183,7.772067039106146,5.0027932960893855,75.5627374301676,54.75245810055866,40.8508938547486,95.28061452513967,3.3998324022346225,-31.80329608938548,-33.07882681564245,-90.27782122905029,46.562290502793296,22.10949720670391,1.2483240223463687,110.02234636871508,0.2964955847900523,0.2514060421654696,0.2615800444524539,0.16348067219318796
2021-05-01,25.02258064516129,38.42178770949721,13.57094972067039,24.850837988826818,13.606884123265452,21.949720670391063,3.8491620111731844,10.167597765363128,36.704969363849344,93.65921787709497,9.718784916201116,26.8536312849162,52.213966480446935,751.2846368715085,378.49284405648666,202.24100558659217,0.16935158737310024,0.19893363669129574,26.666789811978134,964.2712117799002,6.089385474860335,0.0,6.731843575418995,0.0,459.10949720670385,733.9667597765363,-180.2912849162011,-23.411731843575414,38.75046554934823,27.632216014897576,16.844612442682365,9.52365856710919,31,16.58582867783985,8.925428005045953,6.812150837988827,4.23171322160149,15.339106145251396,78.96256983240222,22.949162011173183,25.15251396648045,142.661843575419,75.5627374301676,54.75245810055866,46.5031843575419,-127.3227374301676,3.3998324022346225,-31.80329608938548,-21.35067039106145,204.93715083798884,46.562290502793296,22.10949720670391,21.7086592178771,0.21017249379267536,0.2964955847900523,0.2514060421654696,0.22075434512725015
2021-06-01,29.996070763500928,42.241340782122904,18.187709497206704,24.053631284916204,14.63119180633147,0.7458100558659218,0.29608938547486036,0.2854748603351956,21.189323401613905,53.67039106145251,11.52864835505897,27.94357541899441,54.29608938547486,827.5926815642458,410.1504091868405,258.5887150837989,0.13560820142768465,0.1822957402234637,32.236306641837366,961.5060971446306,18.88826815642458,0.0,20.782122905027933,0.0,586.3684357541899,1320.3351955307262,-257.84290502793294,-4.944972067039105,12.678212290502799,24.619739292364986,23.868160028834023,14.64346984441641,30,25.02258064516129,16.58582867783985,8.925428005045953,-0.722796900342404,21.949720670391063,15.339106145251396,78.96256983240222,18.82067039106145,202.24100558659217,142.661843575419,75.5627374301676,24.133910614525142,-180.2912849162011,-127.3227374301676,3.3998324022346225,-5.313240223463691,459.10949720670385,204.93715083798884,46.562290502793296,0.0,0.16935158737310024,0.21017249379267536,0.2964955847900523,0.26092539196251574
2021-07-01,31.76262389619751,44.41620111731844,18.928491620111732,25.487709497206705,14.040187421156965,5.949162011173184,0.9497206703910615,4.265921787709497,24.786898540277527,75.36312849162012,11.627234636871508,29.63240223463687,56.773743016759774,806.9784916201118,408.61963617318435,264.61620111731844,0.1406592779479786,0.18651915510302158,34.019700246290626,958.4393036282813,25.134078212290504,0.0,25.88268156424581,0.0,662.7307262569833,1983.0659217877096,-258.66703910614524,2.9134078212290504,9.548230912476727,24.315921787709495,28.927091768286576,19.850780470955726,31,29.996070763500928,25.02258064516129,16.58582867783985,0.5187601369616147,0.7458100558659218,21.949720670391063,15.339106145251396,7.772067039106146,258.5887150837989,202.24100558659217,142.661843575419,40.8508938547486,-257.84290502793294,-180.2912849162011,-127.3227374301676,-33.07882681564245,586.3684357541899,459.10949720670385,204.93715083798884,1.2483240223463687,0.13560820142768465,0.16935158737310024,0.21017249379267536,0.2615800444524539
2021-08-01,29.696197513065417,40.3586592178771,16.964804469273744,23.393854748603353,14.810145972247252,0.24357541899441337,0.1005586592178771,0.1972067039106145,22.325223764041567,53.64804469273743,10.769657445786029,26.833519553072623,53.05027932960894,757.6343016759777,397.28551804779636,240.43379888268157,0.1343307352676158,0.18338343245029137,31.915722802907432,961.2337695981258,24.75418994413408,0.0,24.810055865921786,0.0,598.6337988826815,2581.699720670391,-240.19022346368715,-5.294506517690875,2.312849162011178,20.5316573556797,30.484964057587955,23.66478825013516,31,31.76262389619751,29.996070763500928,25.02258064516129,6.812150837988827,5.949162011173184,0.7458100558659218,21.949720670391063,22.949162011173183,264.61620111731844,258.5887150837989,202.24100558659217,54.75245810055866,-258.66703910614524,-257.84290502793294,-180.2912849162011,-31.80329608938548,662.7307262569833,586.3684357541899,459.10949720670385,22.10949720670391,0.1406592779479786,0.13560820142768465,0.16935158737310024,0.2514060421654696
2021-09-01,24.605772811918065,37.87262569832402,12.368715083798882,25.50391061452514,15.921955307262568,0.3849162011173184,0.11173184357541899,0.37541899441340776,24.977832091868407,67.71508379888269,9.807873991309746,25.64245810055866,49.00558659217877,615.9710055865921,349.72144293916824,180.82106145251396,0.13280980757293606,0.17929402545003104,26.541945996275604,965.1926513035382,6.932960893854749,0.0,9.681564245810057,0.0,437.88016759776536,3019.5798882681565,-180.43614525139665,-5.167597765363128,2.1925512104283107,7.435381750465548,28.688198073726998,26.278179051280514,30,29.696197513065417,31.76262389619751,29.996070763500928,8.925428005045953,0.24357541899441337,5.949162011173184,0.7458100558659218,78.96256983240222,240.43379888268157,264.61620111731844,258.5887150837989,75.5627374301676,-240.19022346368715,-258.66703910614524,-257.84290502793294,3.3998324022346225,598.6337988826815,662.7307262569833,586.3684357541899,46.562290502793296,0.1343307352676158,0.1406592779479786,0.13560820142768465,0.2964955847900523
2021-10-01,12.183312308524059,24.491620111731844,1.5016759776536313,22.98994413407821,12.022274283654713,28.168715083798887,4.318435754189944,9.571508379888268,49.720670391061454,95.81564245810056,8.654761368414729,27.650279329608935,50.625139664804465,407.01279329608934,274.9688909217877,87.32240223463687,0.19510949420315973,0.2029971541418874,13.958880729260526,974.2420886646242,0.0,0.1787709497206704,0.0,0.1787709497206704,90.44720670391062,3110.027094972067,-59.15368715083798,-0.1895716945996213,9.599068901303545,9.573649906890129,22.16176087783585,25.544426323061213,31,24.605772811918065,29.696197513065417,31.76262389619751,16.58582867783985,0.3849162011173184,0.24357541899441337,5.949162011173184,15.339106145251396,180.82106145251396,240.43379888268157,264.61620111731844,142.661843575419,-180.43614525139665,-240.19022346368715,-258.66703910614524,-127.3227374301676,437.88016759776536,598.6337988826815,662.7307262569833,204.93715083798884,0.13280980757293606,0.1343307352676158,0.1406592779479786,0.21017249379267536
2021-11-01,5.754115456238361,18.700558659217876,-5.937430167597765,24.63798882681564,11.631415270018623,9.956983240223463,2.664804469273743,4.869832402234637,63.25479515828678,98.20670391061452,7.825650217256362,31.81564245810056,56.634078212290504,278.2100558659218,234.37233698013657,45.05441340782123,0.21005646337678457,0.22019006828057108,6.674532898820608,975.7929950341403,0.0,11.832402234636872,0.0,11.832402234636872,6.773743016759776,3116.800837988827,-35.097430167597764,-20.15716945996276,12.836871508379893,7.574860335195528,14.181066858893494,22.333015458240723,30,12.183312308524059,24.605772811918065,29.696197513065417,25.02258064516129,28.168715083798887,0.3849162011173184,0.24357541899441337,21.949720670391063,87.32240223463687,180.82106145251396,240.43379888268157,202.24100558659217,-59.15368715083798,-180.43614525139665,-240.19022346368715,-180.2912849162011,90.44720670391062,437.88016759776536,598.6337988826815,459.10949720670385,0.19510949420315973,0.13280980757293606,0.1343307352676158,0.16935158737310024
2021-12-01,4.633825914579203,20.186033519553074,-6.472625698324022,26.658659217877094,10.117714903586231,23.06201117318436,5.396648044692737,7.545810055865922,66.98987054724576,99.36871508379889,8.467916141046436,25.227374301675976,44.84581005586592,219.58977653631285,204.29809267535694,38.9727374301676,0.23514029554874752,0.23677809815582387,4.898608608157626,974.0894237700487,0.0,14.675977653631286,0.0,14.675977653631286,11.059776536312851,3127.8606145251397,-15.910726256983239,-7.087057728119177,20.39590316573557,11.294227188081935,7.5237512264472075,18.105974650087102,31,5.754115456238361,12.183312308524059,24.605772811918065,29.996070763500928,9.956983240223463,28.168715083798887,0.3849162011173184,0.7458100558659218,45.05441340782123,87.32240223463687,180.82106145251396,258.5887150837989,-35.097430167597764,-59.15368715083798,-180.43614525139665,-257.84290502793294,6.773743016759776,90.44720670391062,437.88016759776536,586.3684357541899,0.21005646337678457,0.19510949420315973,0.13280980757293606,0.13560820142768465
2022-01-01,3.1917823031176793,14.327932960893854,-5.050279329608938,19.37821229050279,9.101333573616866,46.63687150837989,8.558659217877095,11.91340782122905,76.97673755030937,100.0,8.430552051420676,31.067597765363132,54.82960893854749,227.56301675977653,181.1075118870267,32.33346368715084,0.32742350723854147,0.3065967892112693,3.691394095032138,970.3414872049018,0.0,19.70949720670391,0.0,19.70949720670391,1.9921787709497207,1.9921787709497207,14.303407821229051,17.56852886405959,26.551955307262574,18.075512104283053,4.526574557978415,13.344167717907132,31,4.633825914579203,5.754115456238361,12.183312308524059,31.76262389619751,23.06201117318436,9.956983240223463,28.168715083798887,5.949162011173184,38.9727374301676,45.05441340782123,87.32240223463687,264.61620111731844,-15.910726256983239,-35.097430167597764,-59.15368715083798,-258.66703910614524,11.059776536312851,6.773743016759776,90.44720670391062,662.7307262569833,0.23514029554874752,0.21005646337678457,0.19510949420315973,0.1406592779479786
2022-02-01,5.529329608938547,19.443575418994413,-4.21731843575419,23.660893854748604,11.022605746209098,23.36145251396648,4.29608938547486,10.437430167597766,66.1794193934557,99.50279329608938,8.58723812849162,25.70949720670391,46.159217877094974,298.5276536312849,202.40585335195533,48.61988826815642,0.28260948723064644,0.29081031358073955,6.057980014631551,972.1604474261773,0.0,12.502793296089385,0.0,12.502793296089385,5.460614525139665,7.452793296089386,-25.258435754189943,-17.95037243947859,31.02011173184358,21.928491620111732,4.45164594221181,9.316356400552651,28,3.1917823031176793,4.633825914579203,5.754115456238361,29.696197513065417,46.63687150837989,23.06201117318436,9.956983240223463,0.24357541899441337,32.33346368715084,38.9727374301676,45.05441340782123,240.43379888268157,14.303407821229051,-15.910726256983239,-35.097430167597764,-240.19022346368715,1.9921787709497207,11.059776536312851,6.773743016759776,598.6337988826815,0.32742350723854147,0.23514029554874752,0.21005646337678457,0.1343307352676158
2022-03-01,9.25233375382952,23.118994413407822,-0.7312849162011174,23.850279329608938,10.377671652550008,122.55027932960894,15.385474860335195,21.615083798882683,71.42737430167598,99.26815642458101,9.976719529044273,37.242458100558665,66.51284916201116,388.1188268156425,198.657485009311,68.67581005586592,0.33002403586231754,0.317556909653391,9.948601099297171,970.4738789271341,0.0,2.899441340782123,0.0,2.899441340782123,38.15642458100559,45.60921787709498,53.87446927374302,56.46135940409684,64.1828677839851,42.28938547486033,5.99114855529525,6.757449890871229,31,5.529329608938547,3.1917823031176793,4.633825914579203,24.605772811918065,23.36145251396648,46.63687150837989,23.06201117318436,0.3849162011173184,48.61988826815642,32.33346368715084,38.9727374301676,180.82106145251396,-25.258435754189943,14.303407821229051,-15.910726256983239,-180.43614525139665,5.460614525139665,1.9921787709497207,11.059776536312851,437.88016759776536,0.28260948723064644,0.32742350723854147,0.23514029554874752,0.13280980757293606
2022-04-01,20.131582867783983,32.399441340782126,6.434078212290503,25.96536312849162,13.325903165735568,21.15027932960894,3.804469273743017,9.106145251396647,50.99950341402855,96.59217877094972,9.338588609559281,25.8195530726257,47.64413407821229,603.6397206703911,308.81208525760394,143.29418994413408,0.2058588764742396,0.2360163873370577,20.70681021104904,966.2958744568591,0.0,0.0,0.39106145251396646,0.0,310.5583798882681,356.1675977653631,-122.14391061452514,-13.85288640595903,55.68733705772812,41.119646182495345,11.63774874351735,8.082161650747883,30,9.25233375382952,5.529329608938547,3.1917823031176793,12.183312308524059,122.55027932960894,23.36145251396648,46.63687150837989,28.168715083798887,68.67581005586592,48.61988826815642,32.33346368715084,87.32240223463687,53.87446927374302,-25.258435754189943,14.303407821229051,-59.15368715083798,38.15642458100559,5.460614525139665,1.9921787709497207,90.44720670391062,0.33002403586231754,0.28260948723064644,0.32742350723854147,0.19510949420315973
2022-05-01,22.172571634528744,35.560335195530726,10.397206703910614,25.16312849162011,12.204901784105243,59.9463687150838,8.139664804469273,17.15027932960894,50.87189884063195,96.20111731843575,10.080360575479064,32.13687150837989,59.001675977653626,696.0302793296089,340.51692810366234,169.96670391061454,0.2194224259626359,0.2072551660959933,23.82957139424521,964.7923920225866,0.4692737430167598,0.0,2.016759776536313,0.0,378.340782122905,734.5083798882681,-110.02033519553075,14.584916201117323,67.88230912476723,49.45121042830541,17.18549608538075,10.81857101379628,31,20.131582867783983,9.25233375382952,5.529329608938547,5.754115456238361,21.15027932960894,122.55027932960894,23.36145251396648,9.956983240223463,143.29418994413408,68.67581005586592,48.61988826815642,45.05441340782123,-122.14391061452514,53.87446927374302,-25.258435754189943,-35.097430167597764,310.5583798882681,38.15642458100559,5.460614525139665,6.773743016759776,0.2058588764742396,0.33002403586231754,0.28260948723064644,0.21005646337678457
2022-06-01,28.594804469273743,43.13072625698324,16.019553072625698,27.11117318435754,14.406387337057728,6.803351955307262,2.206703910614525,3.477094972067039,31.11363283674736,78.34078212290503,10.258743016759777,29.79553072625698,55.962011173184365,785.8283240223464,387.8548856921167,228.3708938547486,0.15589619801365612,0.1884012026691496,30.437589230291746,960.7452281191805,13.189944134078212,0.0,15.53072625698324,0.0,547.7578212290503,1282.2662011173184,-221.56754189944135,1.1125698324022348,29.300000000000008,46.74143389199255,23.632986323862156,14.812067439578703,30,22.172571634528744,20.131582867783983,9.25233375382952,4.633825914579203,59.9463687150838,21.15027932960894,122.55027932960894,23.06201117318436,169.96670391061454,143.29418994413408,68.67581005586592,38.9727374301676,-110.02033519553075,-122.14391061452514,53.87446927374302,-15.910726256983239,378.340782122905,310.5583798882681,38.15642458100559,11.059776536312851,0.2194224259626359,0.2058588764742396,0.33002403586231754,0.23514029554874752
2022-07-01,31.560623535772212,44.65139664804469,18.73575418994413,25.915642458100557,14.775256803027574,1.7837988826815643,0.39106145251396646,1.5094972067039105,22.960758695260406,61.201117318435756,12.255878686850485,32.02067039106145,58.88324022346369,834.7519553072626,410.8081957479826,274.80988826815644,0.13626058749324202,0.17960081396047334,33.681134738992014,958.953662071244,24.24581005586592,0.0,24.87150837988827,0.0,657.2064245810055,1939.472625698324,-273.0260893854749,-1.2519553072625698,22.844506517690885,39.265921787709495,27.4426665465249,19.540207645021127,31,28.594804469273743,22.172571634528744,20.131582867783983,3.1917823031176793,6.803351955307262,59.9463687150838,21.15027932960894,46.63687150837989,228.3708938547486,169.96670391061454,143.29418994413408,32.33346368715084,-221.56754189944135,-110.02033519553075,-122.14391061452514,14.303407821229051,547.7578212290503,378.340782122905,310.5583798882681,1.9921787709497207,0.15589619801365612,0.2194224259626359,0.2058588764742396,0.32742350723854147
2022-08-01,28.165056766985042,39.489385474860335,15.84189944134078,23.647486033519552,14.659632366192106,1.8497206703910614,0.8547486033519553,1.1385474860335194,24.38287679461765,68.45810055865921,10.853767946176488,27.929608938547485,51.69553072625698,747.6076536312848,390.8757175356921,231.5327932960894,0.13392179521835765,0.17902897669249712,30.58691205622635,962.3253514146694,15.46927374301676,0.0,16.335195530726256,0.0,553.8650837988827,2493.3377094972066,-229.68307262569834,-3.688361266294227,3.4789571694599672,35.68063314711359,29.440161590676997,23.312828838028874,31,31.560623535772212,28.594804469273743,22.172571634528744,5.529329608938547,1.7837988826815643,6.803351955307262,59.9463687150838,23.36145251396648,274.80988826815644,228.3708938547486,169.96670391061454,48.61988826815642,-273.0260893854749,-221.56754189944135,-110.02033519553075,-25.258435754189943,657.2064245810055,547.7578212290503,378.340782122905,5.460614525139665,0.13626058749324202,0.15589619801365612,0.2194224259626359,0.28260948723064644
2022-09-01,24.584059590316574,38.46983240223464,11.70167597765363,26.768156424581004,15.772309124767226,4.761452513966481,0.6145251396648045,3.4765363128491615,27.116170080695223,76.67597765363128,9.310291744258224,25.62905027932961,47.065921787709506,597.5930167597766,341.04944813780264,173.54480446927374,0.13794193047796402,0.17987937616387337,26.295476412166355,964.9920988516449,7.837988826815643,0.0,8.29050279329609,0.0,438.0835195530726,2931.421229050279,-168.78335195530727,-0.7910614525139659,2.7983240223463732,16.049162011173184,28.103246631024614,25.868116477443383,30,28.165056766985042,31.560623535772212,28.594804469273743,9.25233375382952,1.8497206703910614,1.7837988826815643,6.803351955307262,122.55027932960894,231.5327932960894,274.80988826815644,228.3708938547486,68.67581005586592,-229.68307262569834,-273.0260893854749,-221.56754189944135,53.87446927374302,553.8650837988827,657.2064245810055,547.7578212290503,38.15642458100559,0.13392179521835765,0.13626058749324202,0.15589619801365612,0.33002403586231754
2022-10-01,15.335177509461165,28.77709497206704,3.9932960893854754,24.783798882681566,12.646134438637592,46.732960893854745,6.379888268156424,14.115642458100558,48.307390220460135,97.93296089385476,8.668070823571815,27.421229050279326,50.373743016759775,413.57513966480445,277.6360945841093,98.30162011173185,0.19634339520634347,0.20358266504475284,16.74500735868325,972.8319074007328,0.0,0.0,0.0,0.0,179.4472067039106,3110.8684357541897,-51.568659217877105,18.374674115456237,17.781378026070765,20.312942271880818,22.694764622254258,25.06871558438958,31,24.584059590316574,28.165056766985042,31.560623535772212,20.131582867783983,4.761452513966481,1.8497206703910614,1.7837988826815643,21.15027932960894,173.54480446927374,231.5327932960894,274.80988826815644,143.29418994413408,-168.78335195530727,-229.68307262569834,-273.0260893854749,-122.14391061452514,438.0835195530726,553.8650837988827,657.2064245810055,310.5583798882681,0.13794193047796402,0.13392179521835765,0.13626058749324202,0.2058588764742396
2022-11-01,8.211750465549349,20.92513966480447,-2.0502793296089385,22.97541899441341,9.519162011173185,59.4586592178771,8.452513966480447,17.318435754189945,73.66253879577903,99.83240223463687,8.326999534450652,29.170949720670393,52.58156424581006,242.79078212290506,196.5046301055245,41.55558659217877,0.31118977343265053,0.29603289106145253,9.199878957169458,973.5410436064557,0.0,4.5251396648044695,0.0,4.5251396648044695,26.019553072625698,3136.8879888268157,17.90307262569833,29.344506517690878,36.98435754189945,20.2316573556797,16.043662521775698,22.74191205622635,30,15.335177509461165,24.584059590316574,28.165056766985042,22.172571634528744,46.732960893854745,4.761452513966481,1.8497206703910614,59.9463687150838,98.30162011173185,173.54480446927374,231.5327932960894,169.96670391061454,-51.568659217877105,-168.78335195530727,-229.68307262569834,-110.02033519553075,179.4472067039106,438.0835195530726,553.8650837988827,378.340782122905,0.19634339520634347,0.13794193047796402,0.13392179521835765,0.2194224259626359
2022-12-01,-0.1194809875653271,11.915083798882682,-10.275977653631285,22.191061452513967,8.825446026311047,15.192178770949722,3.653631284916201,5.320111731843575,73.67255361326364,99.23463687150839,6.859749504415211,19.769832402234638,34.87206703910615,216.83469273743015,195.28515740223463,26.007877094972066,0.27577326995855106,0.28268445515708535,1.3286725836487054,978.8854268036282,0.0,26.910614525139664,0.0,26.910614525139664,0.0,3136.8879888268157,-10.815698324022344,-14.956890130353814,40.461266294227194,21.62979515828678,7.809148995815064,17.956197813419838,31,8.211750465549349,15.335177509461165,24.584059590316574,28.594804469273743,59.4586592178771,46.732960893854745,4.761452513966481,6.803351955307262,41.55558659217877,98.30162011173185,173.54480446927374,228.3708938547486,17.90307262569833,-51.568659217877105,-168.78335195530727,-221.56754189944135,26.019553072625698,179.4472067039106,438.0835195530726,547.7578212290503,0.31118977343265053,0.19634339520634347,0.13794193047796402,0.15589619801365612
2023-01-01,-3.0468913317714903,13.683240223463688,-19.464245810055864,33.14748603351955,10.441394845918184,23.675977653631286,4.078212290502793,10.883798882681564,66.40957079353637,99.5195530726257,7.783439959151798,28.09106145251397,50.21675977653631,273.9730726256983,230.73739095282434,30.579162011173185,0.2808673334534751,0.2823392428065117,-0.1561054544362348,979.796041328768,0.0,26.88826815642458,0.0,26.88826815642458,0.25698324022346364,0.25698324022346364,-6.9031843575419,-5.392364990689014,32.775605214152705,25.278491620111726,1.6817927154041783,12.188278668829218,31,-0.1194809875653271,8.211750465549349,15.335177509461165,31.560623535772212,15.192178770949722,59.4586592178771,46.732960893854745,1.7837988826815643,26.007877094972066,41.55558659217877,98.30162011173185,274.80988826815644,-10.815698324022344,17.90307262569833,-51.568659217877105,-273.0260893854749,0.0,26.019553072625698,179.4472067039106,657.2064245810055,0.27577326995855106,0.31118977343265053,0.19634339520634347,0.13626058749324202
2023-02-01,4.961632083000798,19.359217877094974,-6.706145251396649,26.06536312849162,10.299600957701516,70.48603351955308,9.508379888268156,17.72513966480447,72.65700651769087,99.67597765363128,8.846132615057195,26.38659217877095,46.8268156424581,279.12301675977653,179.59348964928614,42.8731843575419,0.32962159982708167,0.31842433160415,5.107403065974993,972.3052008512902,0.0,12.653631284916202,0.0,12.653631284916202,7.385195530726257,7.64217877094972,27.612849162011173,29.174208566108007,36.4513966480447,36.71787709497207,0.598419921221328,8.321041221498513,28,-3.0468913317714903,-0.1194809875653271,8.211750465549349,28.165056766985042,23.675977653631286,15.192178770949722,59.4586592178771,1.8497206703910614,30.579162011173185,26.007877094972066,41.55558659217877,231.5327932960894,-6.9031843575419,-10.815698324022344,17.90307262569833,-229.68307262569834,0.25698324022346364,0.0,26.019553072625698,553.8650837988827,0.2808673334534751,0.27577326995855106,0.31118977343265053,0.13392179521835765
2023-03-01,14.65799243106866,27.93351955307262,1.800558659217877,26.13296089385475,13.12578843034781,24.226815642458103,4.832402234636872,11.283240223463686,55.29584159307983,97.22905027932961,10.033888238120982,29.05642458100559,54.04581005586593,506.08290502793295,298.9376988206083,110.99899441340781,0.23472597915540339,0.2501196536913558,14.788538475400973,967.3489359944734,0.0,0.15083798882681565,0.0,0.15083798882681565,160.01089385474862,167.65307262569834,-86.77217877094971,-41.862104283053995,39.46294227188083,39.962104283054,5.524244394099323,6.666696694957192,31,4.961632083000798,-3.0468913317714903,-0.1194809875653271,24.584059590316574,70.48603351955308,23.675977653631286,15.192178770949722,4.761452513966481,42.8731843575419,30.579162011173185,26.007877094972066,173.54480446927374,27.612849162011173,-6.9031843575419,-10.815698324022344,-168.78335195530727,7.385195530726257,0.25698324022346364,0.0,438.0835195530726,0.32962159982708167,0.2808673334534751,0.27577326995855106,0.13794193047796402
2023-04-01,17.700726256983238,33.737430167597765,3.645810055865922,30.091620111731842,13.083296089385474,36.62290502793296,6.893854748603352,12.498324022346369,48.42403010552452,98.26256983240224,10.36631440099317,32.19329608938548,58.367039106145256,608.6264804469274,309.49344939478584,142.91620111731842,0.22564222532588454,0.23107637337057726,18.618058659217876,966.6788648355059,0.0,0.0,0.6759776536312849,0.0,236.40391061452516,404.05698324022353,-106.29329608938546,1.61973929236499,43.77858472998139,38.27709497206704,12.440116923684235,7.060954819544205,30,14.65799243106866,4.961632083000798,-3.0468913317714903,15.335177509461165,24.226815642458103,70.48603351955308,23.675977653631286,46.732960893854745,110.99899441340781,42.8731843575419,30.579162011173185,98.30162011173185,-86.77217877094971,27.612849162011173,-6.9031843575419,-51.568659217877105,160.01089385474862,7.385195530726257,0.25698324022346364,179.4472067039106,0.23472597915540339,0.32962159982708167,0.2808673334534751,0.19634339520634347
2023-05-01,22.878716885925392,35.11731843575419,9.60558659217877,25.511731843575415,13.728888087943774,24.131284916201118,3.564245810055866,11.467597765363127,36.42568480807353,94.23463687150839,10.749241605094012,31.550837988826817,58.46256983240223,757.5222905027932,368.8669518621974,200.42810055865925,0.17392374752207604,0.20559380819366851,24.47385640055265,965.5569629663003,2.100558659217877,0.0,2.804469273743017,0.0,396.3402234636872,800.3972067039107,-176.29681564245814,-21.23016759776536,28.327001862197402,32.38919925512104,18.412478524659097,9.505449222940213,31,17.700726256983238,14.65799243106866,4.961632083000798,8.211750465549349,36.62290502793296,24.226815642458103,70.48603351955308,59.4586592178771,142.91620111731842,110.99899441340781,42.8731843575419,41.55558659217877,-106.29329608938546,-86.77217877094971,27.612849162011173,17.90307262569833,236.40391061452516,160.01089385474862,7.385195530726257,26.019553072625698,0.22564222532588454,0.23472597915540339,0.32962159982708167,0.31118977343265053
2023-06-01,29.946461824953445,41.055865921787706,18.143016759776536,22.91284916201117,14.78268156424581,5.672067039106145,1.6983240223463687,2.18268156424581,24.33379112352576,69.3854748603352,11.256961514587212,32.07094972067039,58.81061452513967,800.7523463687152,391.42748351955305,249.8464245810056,0.1466199332712601,0.19431700806952204,31.71737818125388,959.8667520173805,21.877094972067038,0.0,23.078212290502794,0.0,588.0793296089386,1388.4765363128492,-244.17435754189947,-0.01871508379888187,22.142085661080078,30.802513966480447,23.50863498928736,14.516439691693341,30,22.878716885925392,17.700726256983238,14.65799243106866,-0.1194809875653271,24.131284916201118,36.62290502793296,24.226815642458103,15.192178770949722,200.42810055865925,142.91620111731842,110.99899441340781,26.007877094972066,-176.29681564245814,-106.29329608938546,-86.77217877094971,-10.815698324022344,396.3402234636872,236.40391061452516,160.01089385474862,0.0,0.17392374752207604,0.22564222532588454,0.23472597915540339,0.27577326995855106
2023-07-01,31.96983240223464,43.29664804469274,19.830167597765364,23.466480446927374,14.811894034961256,1.4134078212290502,0.30726256983240224,0.9748603351955307,23.6022030996576,60.70391061452514,11.53895596804229,28.702793296089386,56.37932960893855,828.1082681564246,412.5768086747361,269.0693854748603,0.14026241965519312,0.1903194644680723,33.87971931879618,959.7799025349913,27.58100558659218,0.0,27.793296089385475,0.0,668.6536312849162,2057.1301675977656,-267.6559776536313,-1.6223463687150839,10.405586592178777,27.092085661080073,28.265003704371157,20.352560314027695,31,29.946461824953445,22.878716885925392,17.700726256983238,-3.0468913317714903,5.672067039106145,24.131284916201118,36.62290502793296,23.675977653631286,249.8464245810056,200.42810055865925,142.91620111731842,30.579162011173185,-244.17435754189947,-176.29681564245814,-106.29329608938546,-6.9031843575419,588.0793296089386,396.3402234636872,236.40391061452516,0.25698324022346364,0.1466199332712601,0.17392374752207604,0.22564222532588454,0.2808673334534751
2023-08-01,28.38414128671833,40.93463687150838,14.000558659217877,26.9340782122905,14.179924310686609,13.855865921787709,2.1731843575418996,5.900558659217877,28.72612933261248,84.37988826815642,10.887372349372258,29.10391061452514,55.86312849162011,733.2417318435754,383.46749942582244,226.48117318435752,0.1510371913858353,0.19135535682104884,30.527505706733947,962.3403030576079,19.335195530726256,0.0,19.625698324022345,0.0,563.572625698324,2620.7027932960896,-212.6253072625698,8.31778398510242,6.980446927374306,17.653724394785844,30.10014517130214,24.256311847980616,31,31.96983240223464,29.946461824953445,22.878716885925392,4.961632083000798,1.4134078212290502,5.672067039106145,24.131284916201118,70.48603351955308,269.0693854748603,249.8464245810056,200.42810055865925,42.8731843575419,-267.6559776536313,-244.17435754189947,-176.29681564245814,27.612849162011173,668.6536312849162,588.0793296089386,396.3402234636872,7.385195530726257,0.14026241965519312,0.1466199332712601,0.17392374752207604,0.32962159982708167
2023-09-01,21.72191806331471,34.73519553072626,10.893296089385474,23.841899441340782,13.385288640595903,6.5150837988826815,1.7486033519553073,3.094972067039106,39.43143234016139,81.54748603351955,9.405394165114835,29.334078212290503,53.63016759776536,581.5917318435754,337.2040980912477,152.18385474860335,0.16789176753569213,0.19896542520173804,23.536869180633147,967.8144475481067,0.6145251396648045,0.0,1.0726256983240223,0.0,354.8262569832402,2975.5290502793296,-145.66877094972068,0.9625698324022345,7.261452513966485,14.701769087523274,27.358630584089227,25.433632786688293,30,28.38414128671833,31.96983240223464,29.946461824953445,14.65799243106866,13.855865921787709,1.4134078212290502,5.672067039106145,24.226815642458103,226.48117318435752,269.0693854748603,249.8464245810056,110.99899441340781,-212.6253072625698,-267.6559776536313,-244.17435754189947,-86.77217877094971,563.572625698324,668.6536312849162,588.0793296089386,160.01089385474862,0.1510371913858353,0.14026241965519312,0.1466199332712601,0.23472597915540339
2023-10-01,16.256154262029195,29.568156424581005,3.6910614525139667,25.877094972067038,12.494719769327807,29.37821229050279,5.407821229050279,9.772067039106146,55.57152940469755,98.08379888268156,8.45123896197513,30.29217877094972,54.7854748603352,409.4898324022346,276.91508868715084,92.64329608938549,0.2097534991289722,0.20954122364389982,17.48218748122785,970.9174513425842,0.0,0.0,0.0,0.0,209.2790502793296,3184.808100558659,-63.2650837988827,1.0199255121042832,16.5830540037244,13.49432029795158,22.12073787068741,25.192870787529287,31,21.72191806331471,28.38414128671833,31.96983240223464,17.700726256983238,6.5150837988826815,13.855865921787709,1.4134078212290502,36.62290502793296,152.18385474860335,226.48117318435752,269.0693854748603,142.91620111731842,-145.66877094972068,-212.6253072625698,-267.6559776536313,-106.29329608938546,354.8262569832402,563.572625698324,668.6536312849162,236.40391061452516,0.16789176753569213,0.1510371913858353,0.14026241965519312,0.22564222532588454
2023-11-01,11.479143389199256,23.3,0.8849162011173185,22.415083798882684,12.007411545623837,30.021787709497204,5.424581005586592,12.01340782122905,61.74933271260087,98.52513966480447,8.704096834264432,27.833519553072623,49.278212290502786,274.78530726256986,229.51173477653631,57.952513966480446,0.24276087833643697,0.23967056952203603,11.966648820608317,971.3067271880819,0.0,0.3240223463687151,0.0,0.3240223463687151,73.30251396648045,3258.1106145251397,-27.93072625698324,-0.09236499068901693,21.971694599627565,14.476070763500928,16.48573857151439,23.292941871408264,30,16.256154262029195,21.72191806331471,28.38414128671833,22.878716885925392,29.37821229050279,6.5150837988826815,13.855865921787709,24.131284916201118,92.64329608938549,152.18385474860335,226.48117318435752,200.42810055865925,-63.2650837988827,-145.66877094972068,-212.6253072625698,-176.29681564245814,209.2790502793296,354.8262569832402,563.572625698324,396.3402234636872,0.2097534991289722,0.16789176753569213,0.1510371913858353,0.17392374752207604
2023-12-01,3.8644080014417015,19.158659217877094,-10.904469273743016,30.063128491620112,9.925193728599748,26.117877094972062,5.139664804469274,8.391620111731843,71.5690815161891,99.87709497206704,8.498101009190846,30.18100558659218,53.26480446927374,210.3772625698324,191.18071823401613,34.1013966480447,0.28825931849582503,0.2774016339280351,4.090197933561603,974.6413820808555,0.0,15.82122905027933,0.0,15.82122905027933,8.441899441340782,3266.5525139664805,-7.983519553072636,-4.031191806331474,28.50595903165736,17.883705772811915,10.533235217556719,18.94593290082297,31,11.479143389199256,16.256154262029195,21.72191806331471,29.946461824953445,30.021787709497204,29.37821229050279,6.5150837988826815,5.672067039106145,57.952513966480446,92.64329608938549,152.18385474860335,249.8464245810056,-27.93072625698324,-63.2650837988827,-145.66877094972068,-244.17435754189947,73.30251396648045,209.2790502793296,354.8262569832402,588.0793296089386,0.24276087833643697,0.2097534991289722,0.16789176753569213,0.1466199332712601
2024-01-01,4.344890971346189,16.05810055865922,-4.241340782122905,20.299441340782124,9.532978915119841,42.5050279329609,8.251396648044693,12.22905027932961,75.12193638493422,99.72625698324022,8.449764972667747,27.514525139664805,48.71396648044692,217.63474860335194,177.43385783674736,34.022346368715084,0.30623235417793,0.30026742806511686,4.549291163573016,971.7058035982459,0.0,15.094972067039107,0.0,15.094972067039107,3.124301675977653,3.124301675977653,8.482681564245816,13.4366852886406,32.88156424581006,24.732309124767223,6.562814120662384,14.341775995674896,31,3.8644080014417015,11.479143389199256,16.256154262029195,31.96983240223464,26.117877094972062,30.021787709497204,29.37821229050279,1.4134078212290502,34.1013966480447,57.952513966480446,92.64329608938549,269.0693854748603,-7.983519553072636,-27.93072625698324,-63.2650837988827,-267.6559776536313,8.441899441340782,73.30251396648045,209.2790502793296,668.6536312849162,0.28825931849582503,0.24276087833643697,0.2097534991289722,0.14026241965519312
2024-02-01,3.5891350414178387,20.547486033519554,-7.691061452513967,28.238547486033518,9.808090926603736,40.79050279329609,7.921787709497207,14.022346368715084,68.29855358633533,99.12849162011173,8.938192705323315,28.71117318435754,53.16983240223463,276.0112849162011,168.8250594816884,44.427932960893855,0.3051592259038079,0.30920438419058627,4.22726032235279,973.5844683105374,0.0,16.916201117318437,0.0,16.916201117318437,10.641061452513966,13.76536312849162,-3.6374301675977634,-0.5213221601489764,36.47113594040969,29.22141527001862,3.932811338068577,10.20927495479148,29,4.344890971346189,3.8644080014417015,11.479143389199256,28.38414128671833,42.5050279329609,26.117877094972062,30.021787709497204,13.855865921787709,34.022346368715084,34.1013966480447,57.952513966480446,226.48117318435752,8.482681564245816,-7.983519553072636,-27.93072625698324,-212.6253072625698,3.124301675977653,8.441899441340782,73.30251396648045,563.572625698324,0.30623235417793,0.28825931849582503,0.24276087833643697,0.1510371913858353
2024-03-01,9.111425482068842,26.23575418994413,-5.184916201117319,31.420670391061453,11.413299693638493,67.55027932960894,11.12290502793296,16.826256983240224,65.60219559079714,99.22905027932961,9.60844671712621,32.21340782122905,60.1463687150838,432.2637430167598,229.4801261638734,77.74217877094972,0.3074370757493843,0.30695487925752385,9.479873250435514,970.8386113113473,0.0,8.480446927374302,0.0,8.480446927374302,61.85586592178771,75.62122905027933,-10.19189944134078,1.4613594040968394,50.28193668528865,39.393947858473,5.681817164944292,8.107526191250503,31,3.5891350414178387,4.344890971346189,3.8644080014417015,21.72191806331471,40.79050279329609,42.5050279329609,26.117877094972062,6.5150837988826815,44.427932960893855,34.022346368715084,34.1013966480447,152.18385474860335,-3.6374301675977634,8.482681564245816,-7.983519553072636,-145.66877094972068,10.641061452513966,3.124301675977653,8.441899441340782,354.8262569832402,0.3051592259038079,0.30623235417793,0.28825931849582503,0.16789176753569213
2024-04-01,16.905884543761637,29.69217877094972,4.454748603351955,25.237430167597765,12.00461824953445,45.75027932960894,7.363128491620111,14.35195530726257,55.978080384854124,97.44134078212291,9.059223308504034,28.86536312849162,53.98435754189944,576.3029608938547,291.5574337678461,123.6805027932961,0.2365857464307883,0.24703998292985724,17.923374456859094,967.6760451582868,0.0,0.0,0.0,0.0,210.27374301675977,285.8949720670391,-77.93022346368716,10.747113594040968,51.36368715083799,42.12262569832402,9.868815022416108,8.215814571539244,30,9.111425482068842,3.5891350414178387,4.344890971346189,16.256154262029195,67.55027932960894,40.79050279329609,42.5050279329609,29.37821229050279,77.74217877094972,44.427932960893855,34.022346368715084,92.64329608938549,-10.19189944134078,-3.6374301675977634,8.482681564245816,-63.2650837988827,61.85586592178771,10.641061452513966,3.124301675977653,209.2790502793296,0.3074370757493843,0.3051592259038079,0.30623235417793,0.2097534991289722
2024-05-01,21.147251757073345,35.183798882681565,9.587709497206705,25.59608938547486,12.145071183997116,84.13072625698324,8.69832402234637,20.76312849162011,54.19890220460143,98.05027932960894,9.7810438817805,29.85139664804469,54.986033519553075,689.0391620111733,329.5961692582247,161.1134636871508,0.24474483390400673,0.24902955487475223,22.283672733825913,966.4769845918183,0.0782122905027933,0.0,1.0223463687150838,0.0,345.636312849162,631.531284916201,-76.98273743016757,38.76927374301676,65.81042830540038,51.14078212290502,15.721520594301277,9.827165966184927,31,16.905884543761637,9.111425482068842,3.5891350414178387,11.479143389199256,45.75027932960894,67.55027932960894,40.79050279329609,30.021787709497204,123.6805027932961,77.74217877094972,44.427932960893855,57.952513966480446,-77.93022346368716,-10.19189944134078,-3.6374301675977634,-27.93072625698324,210.27374301675977,61.85586592178771,10.641061452513966,73.30251396648045,0.2365857464307883,0.3074370757493843,0.3051592259038079,0.24276087833643697
2024-06-01,29.013463687150836,40.37150837988827,16.411731843575417,23.959776536312845,13.891936685288641,3.86927374301676,1.2513966480446927,1.4675977653631285,31.372866232153942,73.63687150837988,10.296277932960894,28.63854748603352,52.74748603351955,779.2746368715084,389.37563845437614,229.33128491620113,0.15624162787088766,0.20068957169459964,30.74532122905028,961.440983860956,15.329608938547485,0.0,16.955307262569832,0.0,560.7969273743016,1192.3282122905027,-225.46201117318438,-1.8215083798882672,44.58342644320299,47.432681564245804,22.35553332932861,14.018675247136448,30,21.147251757073345,16.905884543761637,9.111425482068842,3.8644080014417015,84.13072625698324,45.75027932960894,67.55027932960894,26.117877094972062,161.1134636871508,123.6805027932961,77.74217877094972,34.1013966480447,-76.98273743016757,-77.93022346368716,-10.19189944134078,-7.983519553072636,345.636312849162,210.27374301675977,61.85586592178771,8.441899441340782,0.24474483390400673,0.2365857464307883,0.3074370757493843,0.28825931849582503
2024-07-01,30.168534871147955,41.50167597765363,18.108938547486034,23.3927374301676,13.509028653811496,5.364245810055866,1.5027932960893855,2.2715083798882683,30.581335976452216,67.16201117318435,10.938271910854809,30.654748603351955,57.32849162011173,797.8384357541898,404.4762375387957,244.6226815642458,0.14754864990689015,0.18425570673394606,32.41088484411606,958.1809229891272,20.162011173184357,0.0,21.24022346368715,0.0,616.6664804469274,1808.9946927374301,-239.25843575418992,2.3284916201117323,31.12141527001863,41.2425512104283,26.776416771790718,18.322615897103407,31,29.013463687150836,21.147251757073345,16.905884543761637,4.344890971346189,3.86927374301676,84.13072625698324,45.75027932960894,42.5050279329609,229.33128491620113,161.1134636871508,123.6805027932961,34.022346368715084,-225.46201117318438,-76.98273743016757,-77.93022346368716,8.482681564245816,560.7969273743016,345.636312849162,210.27374301675977,3.124301675977653,0.15624162787088766,0.24474483390400673,0.2365857464307883,0.30623235417793
2024-08-01,29.56049738691656,42.45530726256983,16.381005586592178,26.074301675977654,14.35080194629663,3.645810055865922,0.9329608938547486,2.4083798882681564,28.994173124286657,74.69832402234637,10.52946702108488,28.067039106145252,52.80558659217876,737.347653631285,390.81422971756666,229.63837988826813,0.1476007764161711,0.17913401814140686,31.70347359884664,961.578448819607,19.48603351955307,0.0,20.441340782122904,0.0,600.3972067039107,2409.3918994413407,-225.9925698324022,-1.8922718808193664,4.293109869646187,35.051769087523276,29.580831981738452,22.651176288019865,31,30.168534871147955,29.013463687150836,21.147251757073345,3.5891350414178387,5.364245810055866,3.86927374301676,84.13072625698324,40.79050279329609,244.6226815642458,229.33128491620113,161.1134636871508,44.427932960893855,-239.25843575418992,-225.46201117318438,-76.98273743016757,-3.6374301675977634,616.6664804469274,560.7969273743016,345.636312849162,10.641061452513966,0.14754864990689015,0.15624162787088766,0.24474483390400673,0.3051592259038079
2024-09-01,21.845102420856612,34.10614525139665,10.69832402234637,23.407821229050278,14.182178770949722,11.1463687150838,2.368715083798883,5.924022346368714,36.22494568590937,90.63128491620111,9.929237274984482,28.593854748603352,52.59217877094972,578.1034636871509,331.5380043916822,157.81128491620112,0.16702673805090007,0.18185597454996896,23.689548417132215,967.0995693668528,0.33519553072625696,0.0,1.5642458100558658,0.0,359.8231843575419,2769.215083798883,-146.6649162011173,5.593854748603352,6.718808193668534,25.651117318435755,27.19137822630704,24.773455777817826,30,29.56049738691656,30.168534871147955,29.013463687150836,9.111425482068842,3.645810055865922,5.364245810055866,3.86927374301676,67.55027932960894,229.63837988826813,244.6226815642458,229.33128491620113,77.74217877094972,-225.9925698324022,-239.25843575418992,-225.46201117318438,-10.19189944134078,600.3972067039107,616.6664804469274,560.7969273743016,61.85586592178771,0.1476007764161711,0.14754864990689015,0.15624162787088766,0.3074370757493843
2024-10-01,15.093800684808075,30.084916201117316,2.53072625698324,27.554189944134077,11.361146152459904,52.53240223463687,7.167597765363128,18.811731843575416,62.05735267615786,98.53072625698324,8.2087846158467,26.21564245810056,47.0268156424581,384.8219553072626,258.7337585505897,83.71435754189945,0.24273933741815343,0.23153325674295672,16.516887427164054,970.7140851204421,0.0,0.16201117318435754,0.0,0.16201117318435754,177.43491620111732,2946.65,-31.181955307262577,24.17411545623836,22.4415270018622,26.78147113594041,22.16646683086042,24.471441801325565,31,21.845102420856612,29.56049738691656,30.168534871147955,16.905884543761637,11.1463687150838,3.645810055865922,5.364245810055866,45.75027932960894,157.81128491620112,229.63837988826813,244.6226815642458,123.6805027932961,-146.6649162011173,-225.9925698324022,-239.25843575418992,-77.93022346368716,359.8231843575419,600.3972067039107,616.6664804469274,210.27374301675977,0.16702673805090007,0.1476007764161711,0.14754864990689015,0.2365857464307883
2024-11-01,8.966536312849161,23.49944134078212,-1.2089385474860335,24.70837988826816,10.279068901303539,49.35810055865922,6.134078212290503,16.54804469273743,70.68972687771571,99.73184357541899,7.02306331471136,24.08994413407821,44.60614525139665,252.83614525139663,210.86605810055866,43.25614525139665,0.25766413718187464,0.29102119025450035,9.4704034761018,973.924053382992,0.0,3.3072625698324023,0.0,3.3072625698324023,39.19748603351955,2985.8474860335195,6.101955307262564,19.243947858472996,37.67895716945997,20.98603351955307,15.301813139504619,22.441322560621533,30,15.093800684808075,21.845102420856612,29.56049738691656,21.147251757073345,52.53240223463687,11.1463687150838,3.645810055865922,84.13072625698324,83.71435754189945,157.81128491620112,229.63837988826813,161.1134636871508,-31.181955307262577,-146.6649162011173,-225.9925698324022,-76.98273743016757,177.43491620111732,359.8231843575419,600.3972067039107,345.636312849162,0.24273933741815343,0.16702673805090007,0.1476007764161711,0.24474483390400673
2024-12-01,0.6329068300594701,12.5072625698324,-9.992737430167598,22.5,8.814885564966662,16.193296089385473,4.212290502793296,6.67094972067039,70.03146963416832,99.2122905027933,6.72129963356761,26.89441340782123,54.09106145251396,226.63324022346367,209.17697383612662,28.302290502793294,0.26805016669670206,0.2776182044812879,1.2081223343545384,977.1654299573496,0.0,25.385474860335197,0.0,25.385474860335197,0.2798882681564245,2986.127374301676,-12.108994413407821,-13.955772811918063,39.36126629422719,23.04003724394786,8.231081275905572,17.711229751106305,31,8.966536312849161,15.093800684808075,21.845102420856612,29.013463687150836,49.35810055865922,52.53240223463687,11.1463687150838,3.86927374301676,43.25614525139665,83.71435754189945,157.81128491620112,229.33128491620113,6.101955307262564,-31.181955307262577,-146.6649162011173,-225.46201117318438,39.19748603351955,177.43491620111732,359.8231843575419,560.7969273743016,0.25766413718187464,0.24273933741815343,0.16702673805090007,0.15624162787088766
2025-01-01,1.5994233195170302,11.837430167597766,-6.45195530726257,18.289385474860335,8.565345107226527,15.337988826815643,4.804469273743017,4.002234636871508,71.73512494743798,99.74301675977654,6.428315161891031,24.09608938547486,49.009497206703905,235.51581005586593,187.21885581936687,30.036703910614523,0.27003332432270083,0.26779018742115696,1.366295728960173,977.5724034360545,0.0,25.29050279329609,0.0,25.29050279329609,0.0,0.0,-14.69871508379888,-13.730353817504657,26.963128491620115,24.70232774674115,3.732955487475223,12.94971115916782,31,0.6329068300594701,8.966536312849161,15.093800684808075,30.168534871147955,16.193296089385473,49.35810055865922,52.53240223463687,5.364245810055866,28.302290502793294,43.25614525139665,83.71435754189945,244.6226815642458,-12.108994413407821,6.101955307262564,-31.181955307262577,-239.25843575418992,0.2798882681564245,39.19748603351955,177.43491620111732,616.6664804469274,0.26805016669670206,0.25766413718187464,0.24273933741815343,0.14754864990689015
2025-02-01,3.6506384676775743,19.04972067039106,-5.164245810055866,24.213966480446928,10.10634477254589,32.1731843575419,6.4692737430167595,10.34022346368715,71.61533153764299,99.64804469273743,6.862453445065176,25.444692737430163,51.88938547486034,292.6953072625698,192.51530611421478,40.36782122905028,0.28236467478052674,0.2831395151636073,3.645286312849162,973.0471260641128,0.0,18.379888268156424,0.0,18.379888268156424,2.757821229050279,2.757821229050279,-8.19463687150838,-9.13864059590317,21.234823091247673,29.456890130353816,1.9609895390846939,8.631401339294653,28,1.5994233195170302,0.6329068300594701,8.966536312849161,29.56049738691656,15.337988826815643,16.193296089385473,49.35810055865922,3.645810055865922,30.036703910614523,28.302290502793294,43.25614525139665,229.63837988826813,-14.69871508379888,-12.108994413407821,6.101955307262564,-225.9925698324022,0.0,0.2798882681564245,39.19748603351955,600.3972067039107,0.27003332432270083,0.26805016669670206,0.25766413718187464,0.1476007764161711
2025-03-01,10.505568570913677,29.09441340782123,-6.3664804469273735,35.460893854748605,11.833123085240583,42.6268156424581,5.93854748603352,15.65810055865922,60.07309875653271,98.10055865921788,8.36258560100919,29.660893854748604,59.59497206703911,464.4257541899441,258.7155724860335,86.38927374301676,0.2600948819607136,0.2901167627800805,10.529301826154862,972.1310986964619,0.0,5.027932960893855,0.0,5.027932960893855,81.80837988826816,84.56620111731844,-43.76245810055866,-23.462104283054003,30.045996275605216,34.703631284916206,5.251876786036096,6.741479030970832,31,3.6506384676775743,1.5994233195170302,0.6329068300594701,21.845102420856612,32.1731843575419,15.337988826815643,16.193296089385473,11.1463687150838,40.36782122905028,30.036703910614523,28.302290502793294,157.81128491620112,-8.19463687150838,-14.69871508379888,-12.108994413407821,-146.6649162011173,2.757821229050279,0.0,0.2798882681564245,359.8231843575419,0.28236467478052674,0.27003332432270083,0.26805016669670206,0.16702673805090007
2025-04-01,19.250931098696462,35.531843575418996,6.470391061452514,29.06145251396648,12.845940409683426,39.78268156424581,6.290502793296089,12.972625698324022,53.19689633767846,96.91061452513966,8.747815797641216,26.19050279329609,54.62290502793296,590.5843016759776,299.82564357541895,136.15832402234636,0.18979038640595902,0.23590050434512724,19.4572982619491,967.7713151769088,0.43575418994413406,0.0,1.1675977653631284,0.0,279.25055865921786,363.8167597765363,-96.37564245810054,4.7795158286778445,38.194227188081946,32.57867783985102,11.135712712429239,7.4343340999522285,30,10.505568570913677,3.6506384676775743,1.5994233195170302,15.093800684808075,42.6268156424581,32.1731843575419,15.337988826815643,52.53240223463687,86.38927374301676,40.36782122905028,30.036703910614523,83.71435754189945,-43.76245810055866,-8.19463687150838,-14.69871508379888,-31.181955307262577,81.80837988826816,2.757821229050279,0.0,177.43491620111732,0.2600948819607136,0.28236467478052674,0.27003332432270083,0.24273933741815343
2025-05-01,25.565939808974587,39.43743016759777,13.73463687150838,25.702793296089386,13.743395206343484,19.739106145251398,3.7709497206703912,7.262011173184358,36.569509521235055,85.91061452513966,9.205463446867304,26.588268156424583,58.920111731843576,774.086592178771,382.46493819056485,204.00865921787712,0.13315493031777498,0.19405273472697784,27.145800294347328,964.5526626419174,6.016759776536313,0.0,7.854748603351955,0.0,473.43491620111735,837.2516759776536,-184.26955307262574,-25.62234636871508,34.04953445065177,27.642178770949723,18.440813159528243,10.200901349306466,31,19.250931098696462,10.505568570913677,3.6506384676775743,8.966536312849161,39.78268156424581,42.6268156424581,32.1731843575419,49.35810055865922,136.15832402234636,86.38927374301676,40.36782122905028,43.25614525139665,-96.37564245810054,-43.76245810055866,-8.19463687150838,6.101955307262564,279.25055865921786,81.80837988826816,2.757821229050279,39.19748603351955,0.18979038640595902,0.2600948819607136,0.28236467478052674,0.25766413718187464
2025-06-01,28.82487895716946,41.220670391061454,16.381564245810058,24.839106145251396,13.54050279329609,4.707821229050279,1.8826815642458101,2.281005586592179,31.271617008069523,84.83798882681565,9.436184047175667,27.44357541899441,58.95530726256983,798.5212290502793,389.8121702979516,224.64614525139663,0.12026980136561143,0.18416467256362506,30.8322229981378,961.5386615456238,15.050279329608939,0.0,16.675977653631286,0.0,553.9717877094972,1391.2234636871508,-219.93832402234636,-0.9829608938547478,21.4098696461825,25.727932960893853,24.54724995494684,14.899563370491464,30,25.565939808974587,19.250931098696462,10.505568570913677,0.6329068300594701,19.739106145251398,39.78268156424581,42.6268156424581,16.193296089385473,204.00865921787712,136.15832402234636,86.38927374301676,28.302290502793294,-184.26955307262574,-96.37564245810054,-43.76245810055866,-12.108994413407821,473.43491620111735,279.25055865921786,81.80837988826816,0.2798882681564245,0.13315493031777498,0.18979038640595902,0.2600948819607136,0.26805016669670206
2025-07-01,31.933952063434855,43.45083798882681,19.45698324022346,23.99385474860335,14.083870967741936,2.6022346368715086,0.48044692737430167,1.9592178770949724,23.711517090166396,60.11731843575419,10.175086351895237,24.660335195530724,54.86368715083799,824.5962011173184,406.6741687150838,257.285530726257,0.11063864359944735,0.19705677449390283,33.44765423199375,957.8437263470895,27.039106145251395,0.0,27.22905027932961,0.0,665.7312849162012,2056.954748603352,-254.68329608938546,-0.43351955307262546,9.016387337057731,23.605307262569834,28.774923609859638,19.955318161144437,31,28.82487895716946,25.565939808974587,19.250931098696462,1.5994233195170302,4.707821229050279,19.739106145251398,39.78268156424581,15.337988826815643,224.64614525139663,204.00865921787712,136.15832402234636,30.036703910614523,-219.93832402234636,-184.26955307262574,-96.37564245810054,-14.69871508379888,553.9717877094972,473.43491620111735,279.25055865921786,0.0,0.12026980136561143,0.13315493031777498,0.18979038640595902,0.27003332432270083
2025-08-01,29.152946476842676,39.85810055865922,18.075977653631284,21.782122905027933,14.38114975671292,1.795530726256983,0.37988826815642457,1.4083798882681564,26.355251697002462,64.28491620111731,9.406868354658497,25.591620111731842,53.44301675977653,755.9094413407822,393.8147240844196,223.63530726256985,0.11154159157806211,0.19722722562623896,30.75911050039046,962.3576650447527,18.547486033519554,0.0,20.30167597765363,0.0,582.8715083798883,2639.8262569832405,-221.83977653631288,-3.7425512104283056,3.0351955307262592,18.542364990689013,29.970592499148996,24.20570282933862,31,31.933952063434855,28.82487895716946,25.565939808974587,3.6506384676775743,2.6022346368715086,4.707821229050279,19.739106145251398,32.1731843575419,257.285530726257,224.64614525139663,204.00865921787712,40.36782122905028,-254.68329608938546,-219.93832402234636,-184.26955307262574,-8.19463687150838,665.7312849162012,553.9717877094972,473.43491620111735,2.757821229050279,0.11063864359944735,0.12026980136561143,0.13315493031777498,0.28236467478052674
2025-09-01,23.645474860335195,36.52011173184358,12.121787709497207,24.39832402234637,14.250037243947858,3.0441340782122905,0.9050279329608939,1.6279329608938549,33.258775605214154,82.42458100558659,8.21522113594041,22.358100558659217,48.94469273743017,593.5154748603352,342.1913208721291,157.32055865921785,0.11977447237740535,0.18752667597765366,25.171506052141524,965.9112026691495,2.6927374301675977,0.0,3.9608938547486034,0.0,405.87960893854745,3045.705865921788,-154.27642458100556,-2.5083798882681565,2.4806331471135965,11.945251396648045,28.24412446687091,26.39568721090887,30,29.152946476842676,31.933952063434855,28.82487895716946,10.505568570913677,1.795530726256983,2.6022346368715086,4.707821229050279,42.6268156424581,223.63530726256985,257.285530726257,224.64614525139663,86.38927374301676,-221.83977653631288,-254.68329608938546,-219.93832402234636,-43.76245810055866,582.8715083798883,665.7312849162012,553.9717877094972,81.80837988826816,0.11154159157806211,0.11063864359944735,0.12026980136561143,0.2600948819607136
2025-10-01,16.92040007208506,28.63240223463687,6.680446927374302,21.95195530726257,13.463705172103081,8.33463687150838,1.7597765363128492,4.281564245810055,43.83816903946657,91.26256983240224,7.279652489938127,21.704469273743015,45.51284916201117,439.2231284916201,303.84796801675975,101.49905027932962,0.13576865200937105,0.1926579864239803,17.76778098155824,970.4759213371779,0.0,0.0,0.0,0.0,229.18743016759777,3274.8932960893853,-93.16441340782124,-20.023649906890128,4.391433891992553,6.70391061452514,23.239607136420975,26.00726537314031,31,23.645474860335195,29.152946476842676,31.933952063434855,19.250931098696462,3.0441340782122905,1.795530726256983,2.6022346368715086,39.78268156424581,157.32055865921785,223.63530726256985,257.285530726257,136.15832402234636,-154.27642458100556,-221.83977653631288,-254.68329608938546,-96.37564245810054,405.87960893854745,582.8715083798883,665.7312849162012,279.25055865921786,0.11977447237740535,0.11154159157806211,0.11063864359944735,0.18979038640595902
2025-11-01,8.32586592178771,20.600558659217878,-2.7044692737430167,23.305027932960897,12.508621973929237,6.736871508379889,1.3687150837988826,4.8932960893854744,58.679027001862195,96.58100558659218,5.746557262569832,21.68212290502793,45.36871508379888,298.82195530726256,258.00948215394163,49.360837988826816,0.1973242318435754,0.23827635785226567,8.255249844816884,976.7260032588455,0.0,5.810055865921788,0.0,5.810055865921788,23.30167597765363,3298.194972067039,-42.623966480446924,-23.377281191806333,6.038547486033522,4.536871508379888,16.297246951402656,23.133919725275828,30,16.92040007208506,23.645474860335195,29.152946476842676,25.565939808974587,8.33463687150838,3.0441340782122905,1.795530726256983,19.739106145251398,101.49905027932962,157.32055865921785,223.63530726256985,204.00865921787712,-93.16441340782124,-154.27642458100556,-221.83977653631288,-184.26955307262574,229.18743016759777,405.87960893854745,582.8715083798883,473.43491620111735,0.13576865200937105,0.11977447237740535,0.11154159157806211,0.13315493031777498
2025-12-01,4.647504054784646,16.616759776536313,-4.4234636871508375,21.04022346368715,7.6585510902865375,81.50837988826815,12.581005586592179,14.939106145251396,77.35599507418753,100.0,7.382848260947919,26.297206703910614,51.77988826815643,174.88430167597767,143.49307569832402,27.47877094972067,0.292376088784766,0.29600128401513787,4.484173574818286,972.9415773112273,0.0,11.402234636871508,0.0,11.402234636871508,6.585195530726257,3304.7801675977653,54.02960893854748,51.359310986964616,32.19329608938548,17.336964618249535,9.964590016219141,19.10435724154502,31,8.32586592178771,16.92040007208506,23.645474860335195,28.82487895716946,6.736871508379889,8.33463687150838,3.0441340782122905,4.707821229050279,49.360837988826816,101.49905027932962,157.32055865921785,224.64614525139663,-42.623966480446924,-93.16441340782124,-154.27642458100556,-219.93832402234636,23.30167597765363,229.18743016759777,405.87960893854745,553.9717877094972,0.1973242318435754,0.13576865200937105,0.11977447237740535,0.12026980136561143
2026-01-01,1.9289241304739595,15.87709497206704,-8.700558659217878,24.577653631284914,8.400036042530186,38.482122905027936,7.089385474860335,11.163128491620112,75.3945530726257,100.0,7.391894936024509,26.240782122905024,51.65251396648044,228.0028491620112,178.27068843885786,30.449944134078212,0.3381141046434793,0.33174687631405053,1.8774095933201174,973.6634303478104,0.0,21.692737430167597,0.0,21.692737430167597,1.691899441340782,1.691899441340782,8.032178770949724,9.413780260707636,42.24245810055866,23.316945996275603,4.967431369015441,14.103519252718208,31,4.647504054784646,8.32586592178771,16.92040007208506,31.933952063434855,81.50837988826815,6.736871508379889,8.33463687150838,2.6022346368715086,27.47877094972067,49.360837988826816,101.49905027932962,257.285530726257,54.02960893854748,-42.623966480446924,-93.16441340782124,-254.68329608938546,6.585195530726257,23.30167597765363,229.18743016759777,665.7312849162012,0.292376088784766,0.1973242318435754,0.13576865200937105,0.11063864359944735
2026-02-01,8.744812450119714,22.55977653631285,-2.259217877094972,24.818994413407818,10.49050279329609,58.11061452513966,9.69832402234637,14.058100558659218,70.52330240755519,99.70391061452514,9.211969606278265,28.803351955307264,58.49050279329609,291.50424581005586,195.51289511173184,51.7872625698324,0.35928262170790104,0.35163594040968343,8.0903814179303,969.4287534916202,0.0,4.212290502793296,0.0,4.212290502793296,38.28100558659217,39.97290502793295,6.32335195530726,16.79878957169459,59.36703910614525,32.70279329608939,5.107080211792775,10.702163581597715,28,1.9289241304739595,4.647504054784646,8.32586592178771,29.152946476842676,38.482122905027936,81.50837988826815,6.736871508379889,1.795530726256983,30.449944134078212,27.47877094972067,49.360837988826816,223.63530726256985,8.032178770949724,54.02960893854748,-42.623966480446924,-221.83977653631288,1.691899441340782,6.585195530726257,23.30167597765363,582.8715083798883,0.3381141046434793,0.292376088784766,0.1973242318435754,0.11154159157806211
2026-03-01,11.182068841232656,28.201675977653633,-4.028491620111732,32.23016759776536,10.89614344927014,60.61675977653631,9.089385474860336,17.20782122905028,66.4546389739893,99.52513966480447,7.704111101099298,23.794972067039108,50.62905027932961,444.29770949720677,247.13627099627558,80.25201117318436,0.3070676323061212,0.3258707499849823,11.26409563284676,969.6498385595003,0.0,4.301675977653631,0.0,4.301675977653631,98.4122905027933,138.38519553072626,-19.635251396648044,-5.472160148975789,52.40316573556797,42.29823091247672,7.285268473942112,8.624929245080624,31,8.744812450119714,1.9289241304739595,4.647504054784646,23.645474860335195,58.11061452513966,38.482122905027936,81.50837988826815,3.0441340782122905,51.7872625698324,30.449944134078212,27.47877094972067,157.32055865921785,6.32335195530726,8.032178770949724,54.02960893854748,-154.27642458100556,38.28100558659217,1.691899441340782,6.585195530726257,405.87960893854745,0.35928262170790104,0.3381141046434793,0.292376088784766,0.11977447237740535
2026-04-01,17.93322160148976,30.76536312849162,8.030167597765363,22.735195530726255,10.690912476722533,51.373743016759775,8.435754189944134,13.103351955307263,61.08158752327746,98.89944134078212,8.320416666666667,26.96145251396648,56.58212290502794,547.7403351955307,279.6553643078833,115.9500558659218,0.208234574798262,0.24519310986964618,18.623438857852268,965.6530803848541,0.0,0.0,0.0,0.0,243.25921787709498,381.6444134078212,-64.57631284916202,16.370577281191807,56.70037243947858,49.47141527001862,12.620034297614046,8.79373283331474,30,11.182068841232656,8.744812450119714,1.9289241304739595,16.92040007208506,60.61675977653631,58.11061452513966,38.482122905027936,8.33463687150838,80.25201117318436,51.7872625698324,30.449944134078212,101.49905027932962,-19.635251396648044,6.32335195530726,8.032178770949724,-93.16441340782124,98.4122905027933,38.28100558659217,1.691899441340782,229.18743016759777,0.3070676323061212,0.35928262170790104,0.3381141046434793,0.13576865200937105
2026-05-01,23.168408722292305,37.134078212290504,12.92122905027933,24.212849162011175,12.315137862677961,62.27150837988827,9.1731843575419,19.63463687150838,51.268787168859255,96.14525139664805,8.874916651648945,27.355307262569834,59.19776536312849,746.2241340782123,365.96515690564866,175.57234636871507,0.17722379407701086,0.23038841082477327,24.510806751967323,964.360108427945,2.5195530726256985,0.0,3.3798882681564244,0.0,408.90195530726254,790.5463687150838,-113.3008379888268,16.91005586592179,58.08733705772812,58.72718808193668,17.427899721671576,11.267489966732171,31,17.93322160148976,11.182068841232656,8.744812450119714,8.32586592178771,51.373743016759775,60.61675977653631,58.11061452513966,6.736871508379889,115.9500558659218,80.25201117318436,51.7872625698324,49.360837988826816,-64.57631284916202,-19.635251396648044,6.32335195530726,-42.623966480446924,243.25921787709498,98.4122905027933,38.28100558659217,23.30167597765363,0.208234574798262,0.3070676323061212,0.35928262170790104,0.1973242318435754
2026-06-01,28.62664804469274,39.564804469273746,18.519553072625698,21.045251396648048,12.195530726256983,12.346368715083798,3.5977653631284916,5.260335195530726,36.99875077591558,84.6536312849162,8.982215238981999,26.386033519553074,58.464804469273744,831.7859217877094,418.7373752017381,218.6635195530726,0.12582878646803228,0.20672095747982616,31.263607231533207,963.4262639664805,11.759776536312849,0.0,13.072625698324023,0.0,551.9033519553072,1342.449720670391,-206.3171508379888,6.655586592178771,41.997206703910614,47.200186219739294,23.242759456158268,15.26401396505019,30,23.168408722292305,17.93322160148976,11.182068841232656,4.647504054784646,62.27150837988827,51.373743016759775,60.61675977653631,81.50837988826815,175.57234636871507,115.9500558659218,80.25201117318436,27.47877094972067,-113.3008379888268,-64.57631284916202,-19.635251396648044,54.02960893854748,408.90195530726254,243.25921787709498,98.4122905027933,6.585195530726257,0.17722379407701086,0.208234574798262,0.3070676323061212,0.292376088784766
2026-07-01,29.045530726256985,39.30446927374302,18.969832402234637,20.33463687150838,12.351340782122904,4.689385474860336,1.217877094972067,2.7966480446927378,35.50249068901304,75.80446927374301,8.9550395716946,23.512290502793295,51.40391061452514,280.17944134078215,138.40417093420237,74.53670391061452,0.12998459031657356,0.19347178770949722,31.551594506517688,960.456168528864,4.446927374301676,0.0,4.726256983240224,0.0,186.9086592178771,1529.358379888268,-69.84731843575419,1.6536312849162016,26.435754189944134,41.56806331471136,26.946862497747343,19.783448397680694,10,28.62664804469274,23.168408722292305,17.93322160148976,1.9289241304739595,12.346368715083798,62.27150837988827,51.373743016759775,38.482122905027936,218.6635195530726,175.57234636871507,115.9500558659218,30.449944134078212,-206.3171508379888,-113.3008379888268,-64.57631284916202,8.032178770949724,551.9033519553072,408.90195530726254,243.25921787709498,1.691899441340782,0.12582878646803228,0.17722379407701086,0.208234574798262,0.3381141046434793
